,x,y,lidar_height,lidar_snow_depth,is2_height,beam,residual,snow_depth_residual,lon,lat
37840,440800.2557981786,7774347.96734422,26.589614457057287,0.09113223486627108,26.697367,3,0.10775225742025185,0.016620022553980776,-148.55620681740984,70.06921733526104
37841,440798.26266001846,7774367.8750880845,26.46995765206129,0.06944155920598065,26.602978,3,0.1330201006242575,0.06357854141827686,-148.55627254779867,70.06939532861972
37842,440796.25723460433,7774387.78161333,26.555460564792988,0.049025513157696446,26.53992,3,-0.01553975790822193,-0.06456527106591838,-148.55633860136567,70.06957330821271
37843,440794.24278748274,7774407.687244395,26.329596432804376,0.1537973986687844,26.450897,3,0.1213007839924991,-0.032496614676285285,-148.5564048925316,70.06975127769554
37844,440792.21723748324,7774427.5917719845,26.442806059137776,0.1018277376237883,26.453249,3,0.010442918523356326,-0.09138481910043197,-148.55647147584702,70.0699292347153
37845,440790.1808019419,7774447.495222508,26.418911394551703,0.142096945798374,26.585407,3,0.16649586252837523,0.02439891673000122,-148.55653834562628,70.07010717955819
37849,440782.06434511335,7774527.111927989,26.030646861021285,0.30400756675712154,25.966932,3,-0.06371456426835564,-0.3677221310254772,-148.55680506875052,70.07081899136452
37851,440778.0891024189,7774566.928508946,26.214158322795328,0.19401542514858983,27.330505,3,1.1163470482984224,0.9223316231498325,-148.55693626210376,70.07117498985401
37852,440776.13238949014,7774586.839864874,28.53568978028848,0.0055627453776081305,28.623846,3,0.08815627378866964,0.0825935284110615,-148.5570010503376,70.07135302361358
37853,440774.195062023,7774606.7531440705,28.673533850080823,0.015883739645328347,28.755695,3,0.08216149293675556,0.06627775329142721,-148.55706533157385,70.07153107902536
37854,440772.27605897153,7774626.66824082,28.673633391527467,0.021730181163095483,28.735584,3,0.061950867505736085,0.0402206863426406,-148.5571291336113,70.07170915489931
37856,440768.48331202404,7774666.502920286,28.611684848660946,0.016939367341132355,28.767382,3,0.155696819429874,0.13875745208874166,-148.55725555466663,70.07206535714491
37857,440766.60198157484,7774686.421752652,28.630522985990083,0.03414341425780614,28.756088,3,0.12556527084585412,0.09142185658804797,-148.55731837252782,70.07224347505328
37858,440764.7286715053,7774706.341380675,28.5608886476269,0.02910382430087994,28.731083,3,0.1701942686328657,0.14109044433198575,-148.55738098124525,70.07242160190465
37859,440762.8636489261,7774726.261828095,28.602633236598614,0.03582080375334034,28.727112,3,0.12447857980763644,0.08865777605429609,-148.5574433738101,70.07259973797319
37860,440760.9963017039,7774746.182046236,28.593038364478566,0.045171587832201966,28.69458,3,0.1015417136464336,0.05637012581423164,-148.55750582839605,70.07277787142739
37861,440759.11626819364,7774766.101007003,28.533285680384623,0.04616039138146273,28.646326,3,0.11304038467885391,0.06687999329739118,-148.55756861661726,70.07295599067722
37862,440757.21861850744,7774786.018219698,28.46706515120425,0.04925055194320176,28.593143,3,0.12607831193051666,0.07682775998731489,-148.55763186771068,70.073134090194
37863,440755.29810557194,7774805.9331652485,28.445353029779174,0.047319137393081745,28.558382,3,0.11302900452258413,0.06570986712950239,-148.5576957192343,70.073312164122
37864,440753.35418657196,7774825.845787796,28.418808018533785,0.04360097599815985,28.510157,3,0.09134861293594199,0.04774763693778214,-148.55776018543128,70.07349021183539
37865,440751.3815487238,7774845.755563379,28.378423484414235,0.01614353504944819,28.473446,3,0.0950224079197497,0.07887887287030151,-148.5578254055894,70.07366822741923
37866,440749.36951503006,7774865.661430822,28.39283655427498,0.034248813049285017,28.490095,3,0.09725858427482592,0.06300977122554091,-148.55789165961727,70.07384619891334
37867,440747.32920296554,7774885.56449542,28.346401651163337,0.029454765025923476,28.458479,3,0.11207727644896792,0.08262251142304444,-148.55795865610247,70.07402413877244
37868,440745.2780523619,7774905.466485344,28.345179137405168,0.027811313853326993,28.437971,3,0.09279197770713665,0.06498066385380966,-148.5580259378803,70.07420206648412
37869,440743.22333749884,7774925.368119003,28.30013974355047,0.006903748545531744,28.652384,3,0.3522440607708184,0.34534031222528666,-148.55809331426028,70.07437999015517
37873,440735.11853954295,7775004.985973498,27.933290694842384,0.023265530062595696,28.079721,3,0.14643075596328003,0.12316522590068434,-148.55835984123897,70.07509181215708
37874,440733.1575472465,7775024.896904355,27.955650274180563,0.014952694248720609,28.085802,3,0.13015180406650728,0.11519910981778667,-148.5584247663908,70.07526984050503
37875,440731.2131111608,7775044.8094749255,28.022822366563446,0.04429445137701752,28.069963,3,0.04714108863674937,0.002846637259731853,-148.55848925862418,70.07544788731883
37876,440729.28147356585,7775064.72331463,28.010298536433798,0.025906621501248048,28.036407,3,0.026108934269327477,0.00020231276807942955,-148.55855341644425,70.07562594841555
37877,440727.359632634,7775084.638127049,27.91537163810635,0.025910880675561555,28.01542,3,0.1000492755899387,0.07413839491437715,-148.55861731854182,70.07580402045015
37878,440725.4447242227,7775104.553627853,27.82803949290799,0.031954785602994695,27.980999,3,0.15295950001193148,0.12100471440893679,-148.55868103999958,70.07598210021749
37879,440723.53314617526,7775124.469456885,27.780658724442606,0.025106080060386844,27.931871,3,0.1512126897419641,0.12610660968157728,-148.55874467524978,70.0761601836633
37880,440721.6104265723,7775144.384181695,27.755288410201757,0.03464168640539126,27.898058,3,0.14276952742031312,0.10812784101492187,-148.55880860370954,70.07633825462857
37881,440719.6781823417,7775164.297961085,27.802111841634215,0.051159272618332204,27.888496,3,0.08638455729156647,0.03522528467323426,-148.5588727829931,70.07651631490731
37882,440717.7509172425,7775184.212234014,27.839483154105178,0.05117332103733153,27.908037,3,0.06855403156376738,0.017380710526435854,-148.5589368328485,70.07669438072425
37883,440715.8304912812,7775204.1271851845,27.840633253271548,0.04272408481501015,27.90751,3,0.06687750417474092,0.02415341935973077,-148.55900070450676,70.07687245416176
37884,440713.91797777876,7775224.042921577,27.778352907386402,0.06164625483224581,27.85476,3,0.07640630892219136,0.014760054089945546,-148.55906436982298,70.07705053642526
37885,440712.0137527273,7775243.959480245,27.671115069738903,0.057978436492002,27.804428,3,0.1333130308470345,0.0753345943550325,-148.55912781893377,70.07722862793327
37886,440710.1148137398,7775263.876561335,27.639972801905557,0.03110238029311114,27.767885,3,0.12791240622432554,0.0968100259312144,-148.55919113055134,70.07740672530953
37887,440708.23942842364,7775283.795979453,27.625733668256046,0.051452077465972884,27.764715,3,0.13898152644610207,0.08752944898012918,-148.55925382571502,70.07758484901055
37888,440706.3833291795,7775303.717309488,27.642207636257055,0.05226537266930911,27.728428,3,0.08622025070583561,0.0339548780365265,-148.55931601630124,70.07776299424737
37889,440704.51804900053,7775323.637729227,27.541789342065155,0.03445871718076076,27.661562,3,0.11977262387722831,0.08531390669646755,-148.55937844868814,70.07794112919186
37890,440702.63589866966,7775343.556475579,27.480944214621235,0.039670292571906976,27.611143,3,0.1301988975613817,0.09052860498947472,-148.55944132449045,70.07811924523945
37891,440700.72979016276,7775363.472845379,27.506711584692724,0.04736894535788771,27.603868,3,0.09715689980434661,0.0497879544464589,-148.55950482956672,70.07829733446036
37892,440698.7951324159,7775383.386383625,27.44414598455033,0.03888608095497081,27.581741,3,0.13759534845748078,0.09870926750250997,-148.55956908431148,70.07847539172192
37893,440696.8346713591,7775403.297363631,27.40086723968344,0.03028004591587286,27.547634,3,0.1467668850724202,0.11648683915654734,-148.559634016745,70.07865342010335
37894,440694.8206386402,7775423.203032947,27.408032959548102,0.04229262486990512,27.511028,3,0.10299533024682006,0.06070270537691494,-148.559700354988,70.0788313885595
37895,440692.7539615997,7775443.103480742,27.344026832469996,0.0296077291521459,27.468073,3,0.12404605876535513,0.09443832961320922,-148.55976807475844,70.07900929810086
37896,440690.67623131175,7775463.00283058,27.351175254274906,0.04011056667658246,27.390245,3,0.039070183347163834,-0.0010403833294186232,-148.55983608552964,70.0791871952333
37908,440667.3420221066,7775701.953562596,27.34669555309893,0.01066074548529734,27.346172,3,-0.0005232203352569798,-0.01118396582055432,-148.5606103868045,70.08132374653893
37909,440665.3074570484,7775721.857192596,27.18856153876288,0.020394315288545427,27.235987,3,0.04742517083184694,0.027030855543301514,-148.56067728059534,70.08150169156694
37910,440663.2367503812,7775741.757239405,26.95925372595434,0.035258267152233735,27.043558,3,0.08430439477319851,0.049046127620964775,-148.56074512332958,70.08167959614714
37911,440661.1399673631,7775761.654700786,26.809778945284847,0.030573789778234373,26.915157,3,0.10537837283038698,0.07480458305215261,-148.56081365107616,70.08185747153352
37912,440659.02618943,7775781.550475784,26.678532979737778,0.02066231687361041,26.790985,3,0.11245212768409729,0.09178981081048689,-148.56088262569457,70.08203532786962
37913,440656.90578259475,7775801.44559522,26.56439401264245,0.01867788129555855,26.710835,3,0.1464404905313792,0.12776260923582064,-148.5609517753515,70.08221317677558
37914,440654.78804177814,7775821.34097747,26.563651444654464,0.041168884300550684,26.726559,3,0.1629072406482699,0.1217383563477192,-148.56102085628967,70.08239102861815
37915,440652.68405112496,7775841.237724111,26.628418567080757,0.056124100492355486,26.722017,3,0.09359872112725043,0.03747462063489494,-148.56108957782476,70.08256889581739
37916,440650.602995037,7775861.136744267,26.648405722789494,0.04093958323672237,26.666334,3,0.01792842943218531,-0.02301115380453706,-148.56115769908143,70.08274678863255
37917,440648.5485167803,7775881.038400615,26.46076580849888,0.03430690583324542,26.594425,3,0.13365939291713502,0.0993524870838896,-148.56122512449838,70.08292471115212
37918,440646.5266484726,7775900.943288558,26.256876234175255,0.022603399173998187,26.455227,3,0.19835066401810408,0.1757472648441059,-148.5612916958585,70.0831026700996
37920,440642.5886728051,7775940.76355411,26.584729321511322,0.03637293950503281,26.707607,3,0.12287794777578753,0.08650500827075472,-148.5614220683238,70.08345870622937
37921,440640.67005269433,7775960.678681606,26.682353048116052,0.058971572036317775,26.5847,3,-0.09765341737874778,-0.15662498941506556,-148.56148593528246,70.08363678059449
37922,440638.78996187943,7775980.597629174,26.23169198506472,0.0799074977096332,26.49071,3,0.2590173197448493,0.17910982203521614,-148.5615487928511,70.08381489802639
37923,440636.9513147493,7776000.520684097,26.03656820291684,0.05851892575445115,26.29747,3,0.2609018898565978,0.20238296410214665,-148.56161056456736,70.08399306177091
37924,440635.1328353136,7776020.445740336,25.958740267180776,0.03364459054899136,26.037527,3,0.07878681716981006,0.0451422266208187,-148.56167180841638,70.08417124806265
37925,440633.3216898161,7776040.371522307,25.931268112107084,0.015122549932604415,26.032324,3,0.10105572517318961,0.0859331752405852,-148.56173286097945,70.08434944251918
37926,440631.5079656015,7776060.2970500635,25.917933454326555,0.03139841230271433,26.016054,3,0.0981206991158281,0.06672228681311376,-148.5617939822396,70.08452763407898
37927,440629.6841484533,7776080.221575054,25.907486869966668,0.04224011640762585,26.039175,3,0.13168816360266788,0.08944804719504204,-148.56185536927833,70.08470581430531
37928,440627.84374612966,7776100.144455173,25.92837496479633,0.055013371343502995,26.069487,3,0.14111165324566244,0.08609828190215944,-148.56191719238268,70.0848839759503
37929,440625.9739725863,7776120.064423614,25.941560678584125,0.066141330287057,26.06972,3,0.12815863599107047,0.06201730570401347,-148.56197978692109,70.08506210471974
37930,440624.06329099514,7776139.9803351695,25.967871073717557,0.06294660797521746,26.09361,3,0.1257396898322476,0.06279308185703013,-148.56204345550657,70.08524018769594
37931,440622.1239599519,7776159.893406806,25.96076199686,0.0670775091947701,26.071108,3,0.11034586751988229,0.043268358325112194,-148.56210787663932,70.0854182386038
37932,440620.166921803,7776179.80472189,25.952213977995783,0.1017847061124673,26.050137,3,0.09792258816632682,-0.0038621179461404836,-148.56217276333047,70.08559626966853
37933,440618.1964692236,7776199.7147059,25.971553814707693,0.09036925658633055,26.03518,3,0.06362532347590033,-0.026743933110430218,-148.56223800299813,70.08577428569023
37934,440616.21764219576,7776219.623860513,25.878222758481442,0.09049246740414488,26.00969,3,0.13146657257324534,0.040974105169100467,-148.56230346345666,70.08595229232385
37935,440614.234026936,7776239.532541511,25.871696464004028,0.1120557352737946,25.973612,3,0.10191536766101095,-0.010140367612783655,-148.56236905064648,70.08613029358274
37936,440612.2546698502,7776259.441644513,25.776180014188434,0.07170156547628419,25.912188,3,0.13600756210551168,0.0643059966292275,-148.56243452728373,70.08630829957445
37937,440610.28751604597,7776279.351958472,25.75441426729194,0.13030651770143545,25.855299,3,0.10088472867974119,-0.02942178902169426,-148.56249968496536,70.0864863191976
37938,440608.3296625009,7776299.263192499,25.4865059341071,0.032300180651914395,25.811487,3,0.32498126376887626,0.29268108311696184,-148.56256459982848,70.08666434917774
37939,440606.37483991776,7776319.174728397,25.467212594544378,0.046341695321543794,25.793756,3,0.32654389044097343,0.2802021951194296,-148.56262943631637,70.08684238253231
37940,440604.4219299043,7776339.086452627,25.549133550872995,0.1597712477867718,25.752539,3,0.2034051301572788,0.043633882370507,-148.56269422376155,70.08702041798654
37941,440602.46942341747,7776358.998217115,25.485368805434547,0.1355837145701783,25.570482,3,0.08511344859377346,-0.05047026597640483,-148.56275900174754,70.08719845386624
37945,440594.6318243841,7776438.642537282,25.46079105729212,0.022363985668848313,25.570679,3,0.10988765364538011,0.0875236679765318,-148.5630188482369,70.08791056622115
37946,440592.6620370237,7776458.552586659,25.633834943474994,0.26256556465911646,25.70301,3,0.06917561560703689,-0.19338994905207957,-148.5630840851687,70.08808858261146
37947,440590.6892159936,7776478.462335152,25.6000809110731,0.23235910235944388,25.714212,3,0.11413150652943926,-0.11822759583000461,-148.5631494028138,70.0882665955785
37948,440588.7141073725,7776498.371857639,25.594001168777275,0.2615080589677444,25.673037,3,0.07903540654010754,-0.18247265242763683,-148.56321478160334,70.08844460596492
37950,440584.76093728596,7776538.190608828,25.539063872779487,0.02384515059094346,25.432184,3,-0.10687965341913497,-0.13072480401007844,-148.56334562005048,70.0888006233392
37951,440582.78229256993,7776558.09978057,25.539263385016184,0.02189907019132983,25.433725,3,-0.10553802796052025,-0.1274370981518501,-148.56341109501057,70.08897862968225
37956,440567.13718182134,7776717.391408308,25.371886896443165,0.12531999005443129,25.370796,3,-0.0010906928298837215,-0.126410682884315,-148.56393010717113,70.09040288536643
37957,440565.20823685115,7776737.305507849,25.07518917078603,0.12073125343266548,25.154057,3,0.0788673782862368,-0.04186387514642868,-148.56399428844443,70.09058094706126
37958,440563.2757472803,7776757.219254488,24.914227103979115,0.10324215782726155,25.05968,3,0.14545383474158768,0.04221167691432613,-148.5640585638264,70.0907590047493
37959,440561.33675146516,7776777.132355443,24.924939200358942,0.08677189007181142,25.034575,3,0.10963530830805013,0.022863418236238706,-148.56412301102054,70.09093705512444
37960,440559.38867000205,7776797.044556154,24.92860964151215,0.09145046757774956,24.996925,3,0.06831571249175639,-0.023134755085993178,-148.56418769770494,70.09111509531103
37961,440557.42970871204,7776816.955677679,24.863636178090886,0.10512503184399206,24.94974,3,0.08610327808587215,-0.019021753758119916,-148.56425267095716,70.09129312329188
37962,440555.4564849726,7776836.865385039,24.842440609310636,0.10305656910743405,24.901335,3,0.05889415326260661,-0.04416241584482744,-148.56431801953224,70.0914711352854
37963,440553.46931098547,7776856.773708824,24.787968367726243,0.0993978930569502,24.856432,3,0.06846359333332686,-0.03093429972362334,-148.56438373524833,70.0916491316373
37964,440551.470935553,7776876.680922506,24.736745516471075,0.09496567013560529,24.823582,3,0.08683617908556585,-0.008129491050039447,-148.56444974599574,70.09182711543113
37965,440549.4632209329,7776896.587209367,24.683977596186352,0.07030086730618111,24.81421,3,0.13023329553728047,0.05993242823109936,-148.564516002921,70.09200508873825
37966,440547.4478617686,7776916.492739397,24.70040835964361,0.05826354773571349,24.808485,3,0.10807667148431932,0.04981312374860583,-148.56458246156902,70.09218305347217
37967,440545.42752436385,7776936.397775156,24.681982284947917,0.0673127291292429,24.791536,3,0.10955404622884046,0.04224131709959757,-148.56464905198672,70.09236101260007
37968,440543.4054603248,7776956.30264017,24.668019097639984,0.06739673956922042,24.755518,3,0.08749886195474232,0.020102122385521906,-148.56471568886383,70.09253896977036
37969,440541.38138740417,7776976.207307678,24.638216805269394,0.05563516301557971,24.71898,3,0.08076398391517614,0.025128820899596428,-148.56478237960786,70.09271692467814
37970,440539.35908331966,7776996.112151008,24.61414517422704,0.04755772347742858,24.680607,3,0.06646166781397511,0.018903944336546533,-148.56484902509936,70.09289488153962
37971,440537.3457173196,7777016.0178804435,24.601871070070274,0.03511491198739541,24.666933,3,0.06506198962210874,0.029947077634713333,-148.56491543722797,70.09307284837237
37972,440535.34576025006,7777035.9249386005,24.60241460867077,0.03639774705898682,24.654781,3,0.05236673288196414,0.015968985822977323,-148.56498149867897,70.09325083017367
37973,440533.3619184252,7777055.833594467,24.53486889973565,0.010102677691888527,24.604177,3,0.06930857523993694,0.05920589754804842,-148.56504713843367,70.09342882997825
37974,440531.39600145986,7777075.7440272095,24.5553590833294,0.015949287405103173,24.574398,3,0.019038957442084836,0.0030896700369816635,-148.56511230899886,70.09360684980933
37975,440529.4481519159,7777095.656249882,24.51082281939562,0.027433841511039107,24.574375,3,0.06355233319226983,0.03611849168123072,-148.5651770066212,70.09378488981727
37976,440527.5223240196,7777115.570654862,24.518355540600567,0.02725740532240316,24.55331,3,0.03495485368654272,0.007697448364139558,-148.56524112753246,70.09396295443048
37977,440525.6174763278,7777135.487139069,24.474506628627637,0.009266614761028203,24.5338,3,0.059293496494433384,0.05002688173340518,-148.5653046990452,70.0941410424857
37978,440523.7240498362,7777155.404756333,24.4505621720641,0.005375248361259314,24.557558,3,0.10699588762828327,0.10162063926702396,-148.5653679719734,70.0943191433007
37979,440521.83814164705,7777175.323116631,24.51210155696762,0.03772487163706374,24.58282,3,0.07071933536636266,0.032994463729298915,-148.56543104871966,70.09449725248066
37981,440518.07069215307,7777215.160272365,24.53257815532647,0.039364595921416806,24.593903,3,0.061324432564155984,0.021959836642739178,-148.5655570909159,70.09485347566618
37982,440516.1801402714,7777235.078170922,24.50542469992135,0.020361521915138462,24.559557,3,0.05413226113822134,0.03377073922308288,-148.5656202928057,70.09503157955672
37983,440514.27853714593,7777254.99497651,24.480513996286398,0.044747721102035364,24.528435,3,0.04792075713157118,0.0031730360295358154,-148.56568378579183,70.09520967107721
37984,440512.3630372819,7777274.910405065,24.44363012598474,0.05359515314051241,24.505728,3,0.06209764195959622,0.00850248881908381,-148.56574764454942,70.09538774702553
37985,440510.4302366224,7777294.824118704,24.464602351106535,0.06536160275196093,24.512714,3,0.048112034879792986,-0.017249567872167942,-148.5658119584147,70.09556580358827
37986,440508.4787792448,7777314.735980596,24.46741897682805,0.07246808629497181,24.518007,3,0.05058830161433292,-0.021879784680638892,-148.56587676297917,70.09574383922606
37987,440506.50705476984,7777334.645834618,24.44627606433279,0.06572966146353358,24.51665,3,0.07037318188303132,0.00464352041949774,-148.56594210051693,70.09592185216783
37988,440504.51445554063,7777354.553620806,24.426933345158634,0.06822257945667061,24.47743,3,0.05049699846929556,-0.017725580987375048,-148.56600798698784,70.09609984173545
37989,440502.50281818444,7777374.459519159,24.375952355384072,0.058490635365553496,24.4553,3,0.07934702205733402,0.02085638669178052,-148.56607437420712,70.096277809965
37990,440500.4723346116,7777394.363547717,24.39322677152888,0.04078168985369205,24.469883,3,0.07665619355901043,0.03587450370531838,-148.5661412571505,70.09645575706183
37991,440498.42617604014,7777414.266022934,24.3806642780749,0.06606097359963208,24.460672,3,0.08000810046513962,0.013947126865507545,-148.56620855261053,70.0966336865928
37992,440496.3677545204,7777434.167282437,24.349966532101245,0.11134087092706853,24.45034,3,0.10037373889484869,-0.010967132032219842,-148.56627617105494,70.0968116023702
37993,440494.3004613977,7777454.067662521,24.39831704932657,0.1173750618059686,24.458355,3,0.06003790062460013,-0.05733716118136847,-148.56634402349232,70.09698950818971
37994,440492.2292121287,7777473.96765237,24.39412017524368,0.09508546563498586,24.44579,3,0.051669161914524864,-0.043416303720461,-148.56641198093158,70.09716740956891
37995,440490.15845865343,7777493.8676899625,24.3465814523026,0.05951917175224283,24.419859,3,0.07327748019251601,0.013758308440273176,-148.56647992653808,70.09734531145975
37996,440488.09451968974,7777513.768401778,24.347450132682738,0.0626093562481241,24.435356,3,0.0879060074539808,0.02529665120585671,-148.56654769448426,70.0975232209343
37997,440486.03673320345,7777533.669723849,24.395153099316335,0.10887504097122719,24.438452,3,0.043298667651438194,-0.065576373319789,-148.56661530214114,70.09770113726682
37998,440483.98720724287,7777553.571865616,24.36267482462388,0.10451423418858166,24.432734,3,0.07005871114272111,-0.03445552304586055,-148.56668269418083,70.09787906282082
37999,440481.9577904814,7777573.476000265,24.356867173099324,0.059867103588626,24.438692,3,0.08182491979618334,0.021957816207557337,-148.5667495596344,70.09805701084416
38000,440479.95575435454,7777593.382850117,24.403704136952825,0.1024444192810097,24.443703,3,0.039998560801080885,-0.06244585847992881,-148.56681570765272,70.09823498948856
38001,440477.9846348463,7777613.292763796,24.446700395361425,3.2874858747922007,24.44527,3,-0.001429857031347126,-3.288915731823548,-148.5668810454147,70.09841300269501
38340,437945.23839353264,7770063.523628339,37.258075422169064,7.048210786995435,37.328117,5,0.07004194843640477,-6.97816883855903,-148.62821272861447,70.03014420758319
38341,437943.2872196294,7770083.436909865,37.17280775398892,0.3395531104759081,37.274017,5,0.1012095799954551,-0.23834353048045298,-148.62827785064178,70.03032223419083
38342,437941.33581709006,7770103.350170264,37.123703781884196,0.05732957228406659,37.18906,5,0.06535642929744512,0.008026857013378526,-148.6283429797788,70.03050026052578
38343,437939.38536405447,7770123.263533492,37.10306647142009,0.030447336303420065,37.15609,5,0.05302331129475135,0.022575974991331287,-148.628408085215,70.03067828798126
38344,437937.4362311683,7770143.177030101,37.09445633653884,0.03245063493597938,37.161682,5,0.06722579236740955,0.03477515743143017,-148.6284731572507,70.03085631692
38345,437935.48600190144,7770163.090403981,37.08652919101824,0.05155879883939143,37.12923,5,0.0427013082493346,-0.008857490590056825,-148.6285382590818,70.03103434446746
38346,437933.54430372163,7770183.0046245,36.9839175985864,0.022590555917058,37.05632,5,0.07240259184328579,0.04981203592622779,-148.62860313889504,70.03121238161874
38347,437931.6139931057,7770202.919982598,36.90733094062886,0.02540159576839779,36.994057,5,0.08672576103129614,0.061324165262898356,-148.62866772197307,70.03139043166621
38348,437929.68073109153,7770222.835040175,36.848828027987224,0.023525146067330045,36.964447,5,0.11561899349715077,0.09209384742982073,-148.62873238336562,70.03156847828473
38349,437927.7377041091,7770242.7491542855,36.83265423074284,0.0248777472725571,36.93225,5,0.09959674581966027,0.07471899854710318,-148.62879730132371,70.03174651407893
38350,437925.78299810825,7770262.662079102,36.840869282261096,0.028504712741920252,36.925743,5,0.08487382076624783,0.05636910802432758,-148.62886252588174,70.0319245363865
38351,437923.8150386971,7770282.573688582,36.868167532243284,0.0292890878713244,36.920807,5,0.0526393525223412,0.0233502646510168,-148.6289280982514,70.03210254370005
38352,437921.83818344073,7770302.484469881,36.84950536637109,0.0244178940971832,36.874657,5,0.02515131087500322,0.0007334167778200174,-148.6289939044941,70.03228054142991
38353,437919.83382531884,7770322.392454511,36.79067052833561,0.03278905651971466,36.82029,5,0.029619083480795894,-0.0031699730389187636,-148.62906043125912,70.03245850747288
38354,437917.79832784017,7770342.297383425,36.67944699599084,0.026409566599130473,36.75448,5,0.07503145859900684,0.04862189199987636,-148.6291277737614,70.03263643863488
38355,437915.7640768512,7770362.202409082,36.612124716864734,0.03523657861736693,36.67312,5,0.0609938744438594,0.025757295826492464,-148.629195084804,70.0328143709325
38356,437913.74780466943,7770382.109210746,36.55561000761588,0.02160916524848955,36.61363,5,0.058018379835289124,0.036409214586799576,-148.62926192669846,70.03299232342745
38357,437911.75939616514,7770402.018794509,36.488329796706566,0.03599265707202885,36.569447,5,0.08111676701413728,0.04512410994210843,-148.62932804087006,70.03317030750728
38358,437909.8039639643,7770421.931662657,36.42042345017276,0.029818997743208998,36.517483,5,0.09705930739559676,0.06724030965238777,-148.62939329355342,70.03334832890036
38359,437907.8799679612,7770441.84765399,36.38258420166224,0.044147902673617005,36.461857,5,0.07927264037877535,0.035124737705158345,-148.62945772500964,70.03352638579362
38360,437906.0128934452,7770461.769281794,36.303279612448804,0.03389042633242701,36.379444,5,0.07616450986564871,0.0422740835332217,-148.62952066851463,70.03370450682395
38361,437904.217065963,7770481.698008715,36.17389729498483,0.034575170494926984,36.27401,5,0.10011240960501055,0.06553723911008358,-148.6295817493018,70.03388270853706
38362,437902.44779703,7770501.629334044,36.07903219847261,0.06246154539116648,36.17374,5,0.09470818849028007,0.032246643099113584,-148.6296421363432,70.03406093988126
38363,437900.67355522356,7770521.56014453,35.976206749638834,0.014040875732204814,36.062504,5,0.0862970650584316,0.07225618932622678,-148.62970265451168,70.0342391653935
38365,437897.0487471045,7770561.414306266,35.871375481679536,0.04978885027154094,35.95244,5,0.08106287281265168,0.03127402254111074,-148.62982569080734,70.03459553118493
38366,437895.1788691884,7770581.335660115,35.788847416049805,0.03224174670318525,35.867767,5,0.0789199179345701,0.046678171231384846,-148.62988871412625,70.03477364892939
38369,437889.10445698234,7770641.053561146,35.905362544083545,0.04433412761192445,35.956497,5,0.05113464829926784,0.006800520687343388,-148.63008995008983,70.03530747680585
38370,437886.9840975313,7770660.950078162,35.918151226305895,0.05939675971754616,35.98487,5,0.0667196843386364,0.007322924621090236,-148.63015953101862,70.0354853117549
38371,437884.8551522454,7770680.845712224,35.74000052293236,0.03520535259868897,35.868237,5,0.12823601881568436,0.09303066621699539,-148.63022933775457,70.0356631366988
38372,437882.7346608356,7770700.742181815,35.66360753709137,0.038561651465034257,35.79065,5,0.127041876971127,0.08848022550609275,-148.63029892452076,70.03584097112697
38373,437880.63355976826,7770720.640599684,35.65453120935933,0.04821923049489135,35.760696,5,0.10616520177348576,0.05794597127859441,-148.63036800520297,70.03601882763633
38374,437878.5772707839,7770740.5434314115,35.62037728165035,0.0157637255426953,35.726433,5,0.10605551864261997,0.09029179309992467,-148.63043591464026,70.03619673442422
38375,437876.594521621,7770760.45360978,35.62770847487582,0.01846428072411508,35.70668,5,0.07897182297574545,0.060507542251630374,-148.6305019012515,70.03637472466951
38379,437868.99321209756,7770840.126912958,35.45518919845406,0.06646615248844326,35.58181,5,0.12662079910453627,0.060154646616093016,-148.63075723308555,70.03708705655558
38380,437867.11369785643,7770860.047308178,35.38702902758385,0.05966861035983903,35.52278,5,0.13575234448646256,0.07608373412662353,-148.63082052425383,70.03726516299984
38381,437865.21954460396,7770879.966266675,35.39359859035202,0.05827135819645442,35.465454,5,0.0718555112104795,0.013584153014025088,-148.63088419955392,70.03744325302725
38382,437863.28990228864,7770899.881670362,35.28351846818803,0.05762200785685477,35.39082,5,0.10730108137251904,0.049679073515664265,-148.6309488044969,70.03762130265014
38383,437861.33325592225,7770919.7944222335,35.199217064046614,0.07500523888573236,35.32131,5,0.12209107193971391,0.04708583305398155,-148.63101411713922,70.03779932199707
38384,437859.3678853769,7770939.706280097,35.177123157918025,0.07086912620943389,35.302532,5,0.12540903812689663,0.05453991191746274,-148.63107965916336,70.03797733120886
38385,437857.3972111026,7770959.617633149,35.17722980332684,0.06273736542027882,35.27684,5,0.09961040663409904,0.03687304121382022,-148.6311453411127,70.03815533459442
38386,437855.4248607306,7770979.52881116,35.10152133556665,0.06207807733834129,35.214214,5,0.1126929893845201,0.050614912046178816,-148.63121106805033,70.03833333597989
38387,437853.452732243,7770999.44000581,35.05027340085404,0.04783603887438576,35.098873,5,0.048599737573695734,0.0007636986993099712,-148.6312767903175,70.03851133753871
38388,437851.4874603964,7771019.3518996155,34.84350313167751,0.0007037525232727979,34.99438,5,0.15087781925022625,0.15017406672695346,-148.63134233432564,70.03868934698066
38389,437849.54358309816,7771039.265939473,34.85170855182774,0.01807837269666674,34.93213,5,0.08042035442225881,0.06234198172559207,-148.63140731967053,70.03886738076369
38390,437847.61405558145,7771059.181343248,34.784342715361426,0.030004842592275562,34.980583,5,0.196240475556543,0.16623563296426744,-148.63147193061653,70.0390454301872
38391,437845.68375946564,7771079.096691484,34.9896175132253,0.04961326247183024,35.073814,5,0.08419687886454597,0.034583616392715726,-148.63153656280917,70.03922347890028
38392,437843.7477440805,7771099.011479303,34.98204647570303,0.053798401205271254,35.128994,5,0.14694751233408,0.09314911112880873,-148.63160134578328,70.0394015211893
38393,437841.80286705465,7771118.925390603,35.101502200472126,0.06378439950380514,35.198254,5,0.09675143111967088,0.03296703161586574,-148.63166636176652,70.03957955346662
38394,437839.84584654344,7771138.83810712,35.13751825343647,0.06521197432197524,35.231197,5,0.09367910374126609,0.028467129419290846,-148.6317316966472,70.03975757209147
38395,437837.87523755024,7771158.74942082,35.17806423129412,0.06430999934462348,35.21847,5,0.040407295805486854,-0.02390270353913662,-148.63179738820003,70.03993557485197
38396,437835.8801747476,7771178.658349987,35.08257128030829,0.04376876447142441,35.189186,5,0.10661481588311972,0.0628460514116953,-148.6318637208236,70.04011355034017
38397,437833.8631070145,7771198.565094383,35.03084569461289,0.0541757914927631,35.14266,5,0.11181253902968535,0.05763674753692225,-148.63193063042132,70.0402915009337
38398,437831.83950926556,7771218.471169945,34.95468879936809,0.035829030344365506,35.105167,5,0.15047858954792304,0.11464955920355753,-148.63199771204256,70.0404694439347
38399,437829.81388298294,7771238.377079554,34.92289083211213,0.04851713278013457,35.081116,5,0.15822489054411903,0.10970775776398446,-148.63206484793423,70.0406473849312
38400,437827.7910739968,7771258.283242648,34.94268944388288,0.06797285233005536,35.00466,5,0.06197211617571696,-0.006000736154338396,-148.63213191124555,70.04082532884604
38401,437825.7758403747,7771278.19018087,34.7933207218116,0.03674864985233811,34.951897,5,0.158575945668872,0.1218272958165339,-148.63219877749603,70.04100328149741
38402,437823.7720224428,7771298.098242945,34.8147635289285,0.05354167383631288,34.933235,5,0.11847163952852924,0.06492996569221636,-148.63226534616,70.04118124693332
38403,437821.7877443833,7771318.008224546,34.8211427016781,0.04935520417445842,34.924946,5,0.10380312962072935,0.05444792544627093,-148.63233140461804,70.04135923423671
38404,437819.8246382298,7771337.920314613,34.84024164516411,0.045401333330253,34.937443,5,0.09720113437690259,0.051799801046649586,-148.63239691016665,70.04153724549361
38405,437817.876256369,7771357.83385171,34.76361061851691,0.04325354499734746,34.851135,5,0.08752463538934308,0.044271090391995616,-148.63246203150936,70.04171527322768
38406,437815.9411191661,7771377.748751992,34.58413168747068,0.020569472212014883,34.753475,5,0.16934350173830381,0.14877402952628893,-148.63252680740277,70.04189331633249
38407,437814.0184829425,7771397.66485569,34.58717433275156,0.027662809959008706,34.70384,5,0.11666401563711304,0.08900120567810434,-148.63259125724,70.04207137319777
38408,437812.1053127241,7771417.581905357,34.58992126513718,0.013058074737463172,34.68313,5,0.0932070917964154,0.08014901705895222,-148.63265546047015,70.04224944078743
38409,437810.1995451519,7771437.499720227,34.58574851235126,0.014112498806293342,34.68805,5,0.10230080405499109,0.08818830524869775,-148.63271947110337,70.04242751698588
38410,437808.2978867894,7771457.417895798,34.578134044081565,0.018717765512937558,34.659737,5,0.08160258921921582,0.06288482370627826,-148.63278337527234,70.04260559737665
38411,437806.3977308859,7771477.3362400755,34.487940150770555,0.01959961506872225,34.577984,5,0.09004370543061668,0.07044409036189443,-148.6328472412428,70.04278367961282
38412,437804.4962880441,7771497.254461383,34.42737618585597,0.01322281275806035,34.46777,5,0.040393436946764893,0.027170624188704542,-148.63291114200555,70.04296176041002
38416,437796.8415861181,7771576.92245424,34.745725712140825,0.013114599085011535,34.762756,5,0.017030635515425274,0.003916036430413739,-148.6331680367384,70.04367402771533
38417,437794.9010514338,7771596.836810072,34.48878095189476,0.022153003149257687,34.549767,5,0.06098558863258319,0.0388325854833255,-148.63323296619365,70.04385206433452
38422,437785.0994882377,7771696.398654558,34.40326427916297,0.00835924959991798,34.507854,5,0.10459018250695351,0.09623093290703554,-148.6335602185698,70.04474213419329
38424,437781.17921460664,7771736.223420895,34.3424519701241,0.037148249875003765,34.407715,5,0.06526287362589756,0.02811462375089379,-148.63369111825588,70.04509816227554
38425,437779.2363251893,7771756.137577776,34.33944257933803,0.027961435448017574,34.39155,5,0.05210557740025479,0.024144141952237214,-148.63375611840834,70.04527619631692
38426,437777.289916902,7771776.051320982,34.23765641788112,0.0013786770790274643,34.34675,5,0.1090919341696619,0.10771325709063444,-148.6338212117471,70.04545422577617
38428,437773.3662608912,7771815.875757605,34.18016876785404,0.04010298371438318,34.2723,5,0.09213195236080196,0.05202896864641878,-148.63395220903624,70.04581024986035
38429,437771.383703105,7771835.785898352,34.09774074978755,0.05909681784991584,34.23966,5,0.14191760592534308,0.08282078807542724,-148.63401825197343,70.04598823825454
38430,437769.3894235473,7771855.694876115,34.09298561671475,0.04010443935057092,34.218716,5,0.12573005100986023,0.08562561165928931,-148.6340846028764,70.04616621337759
38431,437767.37016038445,7771875.6014294205,34.0577019482433,0.05484171045926627,34.17096,5,0.11325752441295123,0.058415813953684954,-148.63415160892654,70.04634416073422
38432,437765.32089372346,7771895.504996026,33.984267175522916,0.04119143835541507,34.113907,5,0.1296396848286463,0.08844824647323123,-148.63421940149462,70.04652207407729
38433,437763.26479851914,7771915.407819027,33.98372301832362,0.06338039777482653,34.073524,5,0.08980145677403328,0.026421058999206756,-148.63428737393414,70.04669997908297
38434,437761.2153732168,7771935.311353154,33.91485178014443,0.01786436914897795,34.044613,5,0.12976110437705302,0.11189673522807507,-148.63435517299325,70.04687789203554
38435,437759.18076131237,7771955.216339849,33.988074098691314,0.05177157728014888,34.05455,5,0.0664760722071236,0.01470449492697471,-148.63442258545334,70.04705582153893
38436,437757.1670602106,7771975.123392201,33.97446022323527,0.045673578218391235,34.053867,5,0.07940711685262158,0.03373353863423035,-148.63448945170094,70.04723377455497
38437,437755.176899597,7771995.032834453,33.8683055370316,0.015329150970797316,34.004936,5,0.13663068123011612,0.12130153025931881,-148.63455570293004,70.04741175462287
38438,437753.2245142027,7772014.945989935,33.874577992087055,0.05285372534014775,33.926617,5,0.05203867661411721,-0.00081504872603054,-148.6346209664391,70.04758977702767
38439,437751.31910309783,7772034.863833113,33.72503042406329,0.03561591766755554,33.84138,5,0.11635064893475544,0.0807347312671999,-148.63468500144,70.04776785271702
38441,437747.5811874304,7772074.706650349,33.66998350694476,0.014414933707908912,33.75381,5,0.08382737562359921,0.06941244191569029,-148.63481116617626,70.04812408546198
38442,437745.7266490297,7772094.6295282,33.5970953460663,0.020939789209837238,33.75076,5,0.1536637786895625,0.13272398947972525,-148.63487387274333,70.04830221843095
38443,437743.8716116226,7772114.552378239,33.68867082063055,0.0411207490333737,33.75309,5,0.06441908415460773,0.023298335121234033,-148.63493659347768,70.04848035100385
38444,437742.00950822094,7772134.474479218,33.6285315690691,0.049017145612991225,33.69641,5,0.06787956374340354,0.018862418130412312,-148.63499950024368,70.0486584751364
38445,437740.12824164255,7772154.394675294,33.4990801685278,0.03456984482797844,33.589535,5,0.09045459099368713,0.055884746165708696,-148.63506290976463,70.04883657755853
38447,437736.2874702448,7772194.227341377,33.40126993718342,0.004988726262124684,33.53286,5,0.13158986506267212,0.12660113880054744,-148.63519178033675,70.0491926942499
38448,437734.33729641186,7772214.140731653,33.456997693229965,0.04760591473892468,33.56011,5,0.10311049158448782,0.05550457684556314,-148.63525699714026,70.0493707190109
38449,437732.3693572969,7772234.052306927,33.4350734400049,0.037234513194731034,33.507122,5,0.07204859979002265,0.034814086595291616,-148.63532268012398,70.04954872320113
38450,437730.387108044,7772253.962509794,33.30418457138073,0.015958934108277315,33.43597,5,0.13178573501575386,0.11582680090747655,-148.6353887389153,70.04972671161839
38451,437728.3932521663,7772273.871564126,33.2889490334895,0.0397026828650818,33.40032,5,0.11136911226245161,0.07166642939736981,-148.63545510271476,70.04990468691933
38452,437726.3912844633,7772293.779802059,33.225468985715864,0.0639909037575718,33.339417,5,0.11394751819038618,0.04995661443281438,-148.63552168002533,70.0500826529215
38453,437724.3854291379,7772313.687646609,33.164985444746364,0.03423365938313661,33.284836,5,0.1198503706833236,0.085616711300187,-148.63558836026402,70.05026061443262
38454,437722.3778093343,7772333.595326873,33.094181075009956,0.021220024724993205,33.226383,5,0.1322021342185593,0.1109821094935661,-148.6356550878613,70.05043857401688
38455,437720.36999038234,7772353.502965967,33.02568164403368,0.034845591555944355,33.165348,5,0.13966640894483362,0.10482081738888926,-148.63572182181403,70.05061653315448
38456,437718.36453221523,7772373.410861284,33.06212829470605,0.04754298944693171,33.14168,5,0.07955337643652882,0.032010386989597114,-148.63578849513132,70.050794495127
38457,437716.36311909894,7772393.319161038,33.04138508955728,0.025009318462865297,33.125988,5,0.08460291703451617,0.05959359857165087,-148.63585506370217,70.05097246166827
38458,437714.3667124952,7772413.227949008,32.99771818973145,0.026454800268911775,33.093365,5,0.095646525844721,0.06919172557580922,-148.63592150234325,70.05115043376084
38461,437708.4330140746,7772472.95984277,33.00998622321832,0.02596155552830308,33.080147,5,0.07016056633246137,0.04419901080415829,-148.6361193715251,70.05168441279027
38462,437706.47043016047,7772492.87194629,32.92687245209862,0.024132386688189362,33.04103,5,0.11415843169044138,0.09002604500225202,-148.6361849291761,70.05186242262448
38463,437704.5131263631,7772512.784624653,32.951561485682966,0.025809690173585597,33.032234,5,0.08067270621156553,0.054863016037979925,-148.63625034975314,70.05204043885333
38464,437702.56044590095,7772532.697761174,32.91767308299498,0.019154078333399664,33.030197,5,0.1125240605597071,0.09336998222630744,-148.63631565041288,70.05221846027287
38465,437700.61206004646,7772552.611286485,32.89555132730007,0.03779691254266443,32.999813,5,0.10426175253391534,0.06646483999125091,-148.6363808397334,70.0523964861824
38466,437698.66740404454,7772572.525229193,32.90814216451288,0.04912087957907152,32.978092,5,0.0699500290906343,0.020829149511562783,-148.63644593255867,70.05257451670253
38467,437696.7179892557,7772592.438688269,32.811224588534856,0.027829474518057618,32.936996,5,0.12577187142608182,0.0979423969080242,-148.63651115110665,70.05275254171356
38468,437694.7678848341,7772612.352050559,32.80577667570271,0.0001568639639093186,32.89536,5,0.08958236360393101,0.0894254996400217,-148.63657638882322,70.05293056566238
38469,437692.8276862559,7772632.266414589,32.825394516512,0.007490762367727577,32.86623,5,0.04083549447432944,0.03334473210660186,-148.63664136831144,70.05310860094649
38470,437690.89977086347,7772652.181984788,32.78933063543781,0.0054823064715005245,32.83234,5,0.04300960504070872,0.037527298569208195,-148.6367060272941,70.05328664997086
38472,437687.0852313313,7772692.017265276,32.81829451672864,0.014834276885976265,32.85633,5,0.0380363548533893,0.023202077967413033,-148.63683426746357,70.05364279498664
38473,437685.1965841276,7772711.936767811,32.78309417820122,0.00038061922838656537,32.825977,5,0.04288314723823561,0.04250252800984904,-148.63689790160072,70.0538208886295
38474,437683.3309155406,7772731.858480536,32.79360557787102,0.01890112896592559,32.801773,5,0.008167493418042682,-0.010733635547882907,-148.63696093509884,70.05399900758907
38475,437681.483798727,7772751.782088606,32.755961554069444,0.016688257765893392,32.77783,5,0.02186666248329061,0.005178404717397219,-148.63702348394824,70.05417714797787
38476,437679.6321065877,7772771.705221742,32.71050048569328,0.02253344518413105,32.754017,5,0.04351639052742229,0.02098294534329124,-148.63708615367634,70.05435528298118
38477,437677.76772171265,7772791.6271224925,32.66270158515898,0.005615327432680862,32.699356,5,0.03665449394258502,0.031039166509904157,-148.63714915687962,70.05453340385455
38479,437673.97579373344,7772831.4646096565,32.57138087484685,0.00025238630828370526,32.57806,5,0.0066792752996320814,0.006426888991348376,-148.63727682040238,70.0548895737107
38481,437670.0638750429,7772871.290205816,32.47908633151333,0.011255650693754083,32.487377,5,0.00829083523471752,-0.002964815459036563,-148.6374076305087,70.05524560797045
38482,437668.0474437716,7772891.196980063,32.46105314215684,0.004054633986929141,32.463707,5,0.002653828058001295,-0.0014008059289278459,-148.63747462081037,70.05542355649663
38483,437666.0106582096,7772911.101770683,32.44564415345806,0.010534970648496811,32.4662,5,0.020557628768500535,0.010022658120003724,-148.637542145316,70.05560148230965
38484,437663.96072133386,7772931.005269184,32.439061911394695,0.04915450453654405,32.47965,5,0.04058667869319521,-0.008567825843348836,-148.63761001539703,70.05577939334238
38485,437661.9051548124,7772950.908167687,32.4138380654428,0.019042132300648114,32.452957,5,0.03911908787750917,0.02007695557686106,-148.6376780340509,70.05595729761018
38486,437659.8514319556,7772970.811258233,32.36839491713653,0.027982107157362913,32.418865,5,0.05047028672089482,0.022488179563531906,-148.6377460056088,70.05613520401276
38489,437653.77912230324,7773030.529384281,32.28328374607403,0.012028234761261594,32.31382,5,0.03053613917987974,0.018507904418618146,-148.63794760031425,70.0566690238126
38490,437651.8005052931,7773050.439906805,32.231547174027,0.007207185866470151,32.26455,5,0.03300208134409388,0.02579489547762373,-148.63801360964044,70.05684701480668
38491,437649.84543329536,7773070.35280016,32.13140996196216,0.02804820635546096,32.21605,5,0.08463923237377458,0.05659102601831362,-148.63807900352222,70.05702503269593
38492,437647.91613678774,7773090.268276692,32.24728905499097,0.04998164846364482,32.285015,5,0.037726051210199785,-0.012255597253445036,-148.63814372352385,70.05720307992195
38493,437646.00903949223,7773110.185893973,32.28580085067158,0.05570925783270783,32.2715,5,-0.014301216882515178,-0.07001047471522301,-148.63820786322623,70.05738115165789
38494,437644.1206328027,7773130.105385151,32.05930876996774,0.025982608740418398,32.12189,5,0.06258225176077303,0.036599643020354636,-148.63827151456033,70.05755924466698
38495,437642.2517343429,7773150.026850474,32.02647021951512,0.036182119368980706,32.04423,5,0.017761195279803133,-0.018420924089177573,-148.6383346561141,70.05773736004535
38496,437640.3979236326,7773169.949771051,31.899426115416105,0.01803481510675041,31.968155,5,0.06872879181045732,0.050693976703706914,-148.63839740358958,70.05791549207711
38498,437636.71085299563,7773209.79766997,31.870287215783133,0.005136091281788235,31.889679,5,0.01939173929499205,0.014255648013203816,-148.63852236359372,70.05827177945837
38499,437634.8673459809,7773229.721634834,31.834226997244787,0.03228658168151673,31.853037,5,0.018809883248376735,-0.013476698433139991,-148.638584844492,70.05844992325399
38503,437627.3865869162,7773309.40682144,31.83222582414408,0.036115484027961484,31.813864,5,-0.018362069871617592,-0.054477553899579076,-148.63883757431617,70.05916237677414
38504,437625.4717604992,7773329.323707181,31.736148520050723,0.012606953242218645,31.764755,5,0.02860672897271499,0.015999775730496345,-148.6389019286341,70.05934043978797
38506,437621.5603909526,7773369.1493460685,31.656926190350095,0.007166103514155038,31.711111,5,0.0541848783754908,0.04701877486133576,-148.63903278093196,70.05969647313286
38507,437619.56431161426,7773389.05817081,31.63369005750007,0.018759957836900508,31.689722,5,0.056032003657158214,0.037272045820257706,-148.63909926681828,70.05987444421591
38508,437617.545744602,7773408.964772843,31.58475509844438,0.011086049837506223,31.672585,5,0.08782943524702702,0.0767433854095208,-148.63916634287182,70.0600523899238
38509,437615.49447158095,7773428.868099284,31.585372109550313,0.0271035343837067,31.636356,5,0.050984244209452356,0.023880709825745656,-148.63923427672566,70.06023029835428
38510,437613.41295755765,7773448.768435076,31.52802029535538,0.01380490611513346,31.570927,5,0.04290637090438665,0.029101464789253188,-148.63930300386423,70.06040817265495
38511,437611.32328163966,7773468.667956207,31.472688626465633,0.031376738374522505,31.541136,5,0.06844716149823427,0.03707042312371176,-148.63937194597602,70.06058603765376
38512,437609.24225123075,7773488.568309043,31.506525848511274,0.04362219140079591,31.526747,5,0.020220901366656108,-0.0234012900341398,-148.63944066280905,70.06076391216112
38513,437607.17953427153,7773508.470547632,31.440050764095087,0.033226269018992456,31.489378,5,0.049327211368780155,0.0161009423497877,-148.63950890118664,70.06094180795691
38514,437605.14258806134,7773528.375334605,31.386551027228677,0.024101127602368006,31.436377,5,0.04982554442659648,0.025724416824228474,-148.63957646570714,70.06111973277977
38515,437603.13248640555,7773548.282734452,31.35653870070312,0.004381910770109598,31.413208,5,0.056669307109380895,0.0522873963392713,-148.63964332819657,70.06129768746763
38516,437601.1685439288,7773568.194743205,31.34792664286317,0.0010756195262407553,31.400093,5,0.052166435750109486,0.05109081622386873,-148.63970898276153,70.06147569457144
38517,437599.26370254275,7773588.11260609,31.354236971414423,0.002490164014625478,31.398073,5,0.043836224996709916,0.04134606098208444,-148.6397730903377,70.061653768376
38518,437597.38747462665,7773608.03330374,31.30967221089104,0.03683737115432057,31.397282,5,0.08760943583747505,0.050772064683154476,-148.6398364495035,70.06183187446454
38519,437595.5192202664,7773627.954847739,31.281510910853765,0.03822082263418295,31.3422,5,0.06068841470775865,0.022467592073575703,-148.63989960094256,70.0620099900356
38520,437593.6472085572,7773647.875959221,31.233430641617506,0.029817733461040007,31.2996,5,0.06616995957878302,0.03635222611774301,-148.63996285186087,70.06218810079628
38521,437591.7620801549,7773667.79573741,31.223484492142973,0.02463515766435209,31.259583,5,0.03609802738827739,0.011462869723925299,-148.64002644745193,70.06236619641436
38522,437589.8581565524,7773687.713712081,31.146774948585854,0.019960942050183866,31.226345,5,0.07957011367000533,0.05960917161982146,-148.64009053654198,70.06254427130459
38523,437587.9155678266,7773707.627827119,31.09993857677662,0.014192750616618649,31.195312,5,0.09537392322338079,0.08118117260676214,-148.64015563959194,70.06272230224234
38524,437585.9158467904,7773727.536288766,31.062843333322288,0.03216531384635154,31.135334,5,0.07249068157029015,0.04032536772393861,-148.64022224042117,70.06290026869226
38525,437583.8788593376,7773747.441052276,30.9942152328552,0.02181021821795153,31.054588,5,0.060373085015893224,0.03856286679794169,-148.64028981864485,70.0630781929721
38526,437581.82801063004,7773767.3444274375,30.941745347688578,0.023350109346064636,31.00028,5,0.0585350325604459,0.03518492321438126,-148.64035776114676,70.0632561014323
38527,437579.7722931756,7773787.247302004,30.85015889257861,0.02480311693106876,30.931719,5,0.08155993371533654,0.05675681678426778,-148.64042583235923,70.06343400419985
38528,437577.7207896915,7773807.150627553,30.747817730689327,0.026986859676573233,30.855984,5,0.10816600344153215,0.08117914376495892,-148.6404937943822,70.06361191199589
38529,437575.67879711546,7773827.054871761,30.619897170285256,0.0073368597094950186,30.776453,5,0.15655584790322052,0.1492189881937255,-148.64056150840753,70.06378983029097
38530,437573.66273292404,7773846.961737091,30.63879055790433,0.06021948984942162,30.72424,5,0.08544879146090523,0.02522930161148361,-148.64062854438703,70.06396777830767
38531,437571.68787719833,7773866.87263664,30.5737953230733,0.025401506882514222,30.66643,5,0.09263419658002192,0.0672326896975077,-148.64069450193006,70.064145772401
38532,437569.74195098004,7773886.786432074,30.517924623034062,0.03466792910517188,30.584797,5,0.06687228248351573,0.032204353378343854,-148.6407597027473,70.064323799405
38533,437567.81053412653,7773906.701635931,30.408130504942655,0.029894888331067102,30.529436,5,0.12130560650754063,0.09141071817647353,-148.6408245245582,70.06450184250701
38534,437565.88853010687,7773926.617812516,30.31466862113196,0.03768229705302835,30.462875,5,0.14820674507897635,0.110524448025948,-148.64088910092275,70.06467989657187
38535,437563.9712217475,7773946.534427851,30.396226681873607,0.061989276054062396,30.40289,5,0.0066625698353774965,-0.0553267062186849,-148.64095355537063,70.06485795567488
38536,437562.0552642494,7773966.451176931,30.401921316797925,0.06517971251058975,30.445896,5,0.04397483188371609,-0.02120488062687366,-148.64101797554693,70.06503601627475
38537,437560.1323033813,7773986.367256417,30.35156481003314,0.06537348613554289,30.489037,5,0.13747175002545475,0.07209826388991186,-148.64108258034034,70.065214069154
38538,437558.1905576272,7774006.281453721,30.29971093320749,0.0478079714147717,30.568634,5,0.2689230999956358,0.2211151285808641,-148.64114767838967,70.06539210059904
38539,437556.2355526979,7774026.194362466,30.577669601681638,0.04726236329457723,30.792435,5,0.21476509070117444,0.16750272740659722,-148.64121312496965,70.06557011726439
38540,437554.2745751366,7774046.106671792,30.872503975501832,0.04625543636059049,31.010893,5,0.13838889254015996,0.09213345617956947,-148.64127872916112,70.06574812708601
38541,437552.309130799,7774066.018495963,31.029270783266153,0.030285448384730716,31.154549,5,0.12527786175337852,0.0949924133686478,-148.64134445149017,70.06592613145153
38542,437550.3409694091,7774085.930087476,31.073030933185287,0.02934582612350527,31.194365,5,0.12133361454420566,0.09198778842070039,-148.64141024617285,70.0661041330466
38543,437548.3720530073,7774105.841582347,31.082185379538554,0.04502936674325531,31.19147,5,0.1092838129663285,0.06425444622307319,-148.64147606176365,70.06628213356404
38544,437546.40597525804,7774125.753369695,31.054763381961866,0.0031678234649283638,31.210989,5,0.1562256164512199,0.15305779298629155,-148.64154180413067,70.06646013735954
38545,437544.4489967614,7774145.666048656,31.09355439503527,0.02500313902619507,31.232677,5,0.13912306468152735,0.11411992565533229,-148.64160730922472,70.06663815131542
38546,437542.49867564865,7774165.579384543,31.125353329296903,0.035575139668073526,31.216381,5,0.09102774370114375,0.05545260403307022,-148.6416726410243,70.06681617273863
38547,437540.54868357704,7774185.492806571,31.03519539987437,0.020144305019235847,31.163929,5,0.12873358572133142,0.10858928070209557,-148.6417379653748,70.06699419498472
38548,437538.59801838454,7774205.406107593,31.012110744940955,0.023493307343432385,31.144768,5,0.13265701628951376,0.10916370894608138,-148.64180330845775,70.06717221595497
38549,437536.64548854437,7774225.319234618,31.050334282471034,0.015533968558433376,31.151863,5,0.10152881567349681,0.08599484711506343,-148.6418687015396,70.06735023488648
38550,437534.68990194105,7774245.232064751,31.036509329177598,0.019631234141789303,31.145855,5,0.10934562077357413,0.08971438663178483,-148.64193417585386,70.06752825038976
38551,437532.7306882646,7774265.144536897,31.03897473758887,0.03175182205130682,31.108826,5,0.0698509460048804,0.03809912395357358,-148.64199974634263,70.0677062617793
38552,437530.7627222915,7774285.056158292,30.967171855363976,0.03089953077724006,31.070261,5,0.10308914622293841,0.07218961544569835,-148.64206554731152,70.06788426340005
38553,437528.78709399945,7774304.966997659,30.915824124946727,0.037012075041140256,31.034851,5,0.11902694927202262,0.08201487423088236,-148.6421315501784,70.06806225613104
38554,437526.8108515927,7774324.8777488,30.858083350430775,0.040795501465088174,30.974144,5,0.11606063150281898,0.0752651300377308,-148.64219757026305,70.0682402478937
38555,437524.83606258244,7774344.788689251,30.823723274986598,0.03899489312135818,30.876627,5,0.05290369339719092,0.013908800275832738,-148.6422635534425,70.06841824167515
38556,437522.8639869207,7774364.69988943,30.639032788378376,0.04297449346430122,30.684237,5,0.04520373811088163,0.0022292446465804125,-148.64232946666257,70.06859623841105
38557,437520.8955827873,7774384.611438292,30.31983074485601,0.19951515301265002,30.312275,5,-0.00755581199468125,-0.20707096500733127,-148.6423952848097,70.06877423913032
38569,437497.5723116741,7774623.579621145,29.931335720759492,0.010852661329867324,29.929106,5,-0.0022299620924997043,-0.013082623422367028,-148.6431773934379,70.07091058271737
38570,437495.6229301987,7774643.493076031,29.890346673782506,0.003066079154914535,29.945707,5,0.05536064738448587,0.05229456822957134,-148.6432427278784,70.07108860474507
38571,437493.6788358045,7774663.407008418,29.89397820263054,0.0023535784679621047,29.94039,5,0.046411430548172206,0.044057852080210104,-148.64330792486493,70.07126663230231
38576,437484.0663434356,7774762.987547723,29.869540656247413,0.028230164997207926,29.916504,5,0.04696325000258739,0.01873308500537946,-148.6436310970264,70.07215689326824
38577,437482.13939233066,7774782.903215139,29.875424892138724,0.02718424288307726,29.922033,5,0.04660841779779901,0.019424174914721745,-148.64369585152156,70.07233494035235
38578,437480.2006655112,7774802.8177095475,29.885644698847866,0.02460572323712158,29.941196,5,0.05555174280252473,0.03094601956540315,-148.6437609157553,70.07251297404638
38579,437478.2482690726,7774822.730876426,29.88233706065036,0.024528520219968142,29.951298,5,0.06896069935940474,0.0444321791394366,-148.64382633939485,70.07269099250694
38580,437476.2738812226,7774842.641795275,29.88163042839913,0.0254185223814618,29.924679,5,0.043048374091103625,0.017629851709641826,-148.64389234048258,70.07286898547024
38581,437474.2765933053,7774862.550508303,29.887413691294515,0.02787331888047755,29.933275,5,0.045861531483804896,0.017988212603327346,-148.6439589429415,70.07304695309415
38582,437472.2647046192,7774882.457779527,29.891308641668665,0.03230710835963345,29.98572,5,0.09441103911746751,0.06210393075783406,-148.64402592923003,70.07322490423354
38583,437470.243810509,7774902.364090445,29.929247826270423,0.04980435797152907,30.008322,5,0.07907393581453803,0.02926957784300896,-148.64409315265706,70.07340284455717
38584,437468.21772238135,7774922.269930833,29.886506857198103,0.02754594015911496,29.995262,5,0.10875528879799035,0.08120934863887538,-148.64416051341374,70.07358077937677
38585,437466.1904793969,7774942.175639111,29.948023786480626,0.04544961360249121,30.000986,5,0.05296231276253849,0.007512699160047279,-148.64422790559505,70.07375871270264
38586,437464.1646134635,7774962.081500963,29.935944362409174,0.04898300756407407,30.013388,5,0.07744331764453705,0.02846031008046298,-148.64429526286574,70.07393664770794
38587,437462.14779927355,7774981.988268771,29.93349577183036,0.04322363023033553,30.023874,5,0.09037851100655558,0.04715488077622006,-148.64436238406557,70.07411459299321
38588,437460.1442637655,7775001.8963421015,29.940684547457646,0.043634346855904574,30.008593,5,0.06790805813317391,0.024273711277269336,-148.64442915838595,70.07429255316285
38589,437458.14999570267,7775021.805318298,29.92473801268765,0.039823605204136636,29.99643,5,0.07169143067172357,0.03186782546758693,-148.64449569095066,70.07447052363761
38590,437456.1637423694,7775041.715082723,29.892368931597495,0.03625718832749415,30.028172,5,0.1358026077091452,0.09954541938165105,-148.6445620145949,70.07464850308712
38591,437454.1852989042,7775061.625652019,29.938334876270968,0.06169896700355474,30.038176,5,0.09984070661477418,0.03814173961121944,-148.64462813470914,70.07482649161126
38592,437452.2141630143,7775081.536903202,29.964349607165964,0.0465318275388502,30.02389,5,0.05953993446001249,0.01300810692116229,-148.64469406440196,70.07500448798632
38593,437450.25095671613,7775101.448982604,29.92159547142691,0.03695938926484453,29.97888,5,0.057284457161955515,0.020325067897110985,-148.6447597874248,70.07518249367472
38594,437448.2917999487,7775121.361463711,29.888178848082543,0.031429410891747805,29.938232,5,0.05005357379245723,0.018624162900709423,-148.64482540544495,70.07536050391471
38595,437446.33428272343,7775141.274089294,29.965782942632753,0.04016713798197829,29.990223,5,0.02443998827545002,-0.01572714970652827,-148.64489098161673,70.07553851581753
38596,437444.3831850262,7775161.187339259,29.933574420934857,0.04065052069846027,29.998884,5,0.06530978011494781,0.02465925941648754,-148.64495639065063,70.07571653484169
38597,437442.4414120171,7775181.101527465,29.915611679648528,0.03197422265276621,29.949778,5,0.03416592350088621,0.0021917008481199957,-148.64502155641026,70.07589456450364
38598,437440.51043377887,7775201.016815009,29.896425085133608,0.02526442078136941,29.94329,5,0.046865625315611226,0.021601204534241816,-148.64508644036596,70.07607260660347
38599,437438.5900821723,7775220.933157773,29.897361977889098,0.015059096119067346,29.953087,5,0.05572487513824598,0.04066577901917863,-148.64515104689852,70.07625066070537
38600,437436.67759285774,7775240.850258304,29.903182053956453,0.020001622477111288,29.941496,5,0.0383138414292894,0.01831221895217811,-148.6452154484455,70.07642872347431
38601,437434.7776243309,7775260.768616426,29.87496884029698,0.008550420678952791,29.904028,5,0.029059098545793915,0.020508677866841123,-148.64527952291525,70.07660680051828
38602,437432.8929743861,7775280.688457772,29.866711197491803,0.009744305350268814,29.883684,5,0.016972960833392392,0.007228655483123578,-148.64534319692348,70.07678489453734
38605,437427.2289220606,7775340.4470216725,29.892559660088118,0.005548454674774198,29.895111,5,0.0025514238962571767,-0.002997030778517021,-148.64553449044578,70.07731916537794
38606,437425.31760352245,7775360.364212513,29.891458355108423,0.016608159685143727,29.906044,5,0.0145856512392335,-0.002022508445910228,-148.6455988679744,70.07749722907299
38607,437423.3902060348,7775380.279838611,29.898895793214137,0.02491472383716948,29.888342,5,-0.010553889527614047,-0.035468613364783526,-148.64566366814233,70.07767527482177
38608,437421.4398922774,7775400.1931903465,29.875402192966796,0.0135199790410779,29.878805,5,0.0034029675556652705,-0.010117011485412629,-148.64572907017532,70.0778532946077
38609,437419.4621208485,7775420.103829843,29.87616217862706,0.010932699581801068,29.86714,5,-0.00902236234287912,-0.01995506192468019,-148.64579519314933,70.07803128340564
38610,437417.46494934434,7775440.012535475,29.87904366943055,0.018599221879559664,29.864077,5,-0.01496705505066842,-0.03356627693022808,-148.6458618258379,70.07820925014269
38611,437415.4599853806,7775459.920454481,29.89130819642986,0.026009450875717918,29.89197,5,0.0006614843562715578,-0.02534796651944636,-148.64592866395475,70.0783872079123
38612,437413.452436403,7775479.828099172,29.883433424239577,0.023834800052312394,29.906216,5,0.02278224348503244,-0.0010525565672799553,-148.6459955709866,70.07856516256726
38613,437411.44767193036,7775499.736052958,29.88070945454892,0.02535341807183228,29.884338,5,0.0036289243573293106,-0.021724493714502968,-148.64606240620574,70.0787431206373
38614,437409.4506372021,7775519.64475501,29.866120034398293,0.02377049634827757,29.869062,5,0.002942389307762028,-0.02082810704051554,-148.64612903993014,70.07892108725649
38615,437407.46683310054,7775539.554791517,29.856109427451997,0.02331947926110668,29.872234,5,0.016124917030424513,-0.007194562230682166,-148.64619532797175,70.07909906901166
38616,437405.5000475275,7775559.466473199,29.891330828615217,0.02497042465722904,29.869043,5,-0.022287478395490723,-0.04725790305271976,-148.64626117097086,70.07927706960575
38617,437403.5514943598,7775579.380007467,29.901301535001508,0.02900776395543952,29.856924,5,-0.044377477994672176,-0.0733852419501117,-148.64632653715432,70.07945509119233
38618,437401.6209151073,7775599.295313446,29.845469950746498,0.009915002141893966,29.845236,5,-0.00023412616153706267,-0.010149128303431029,-148.6463914332477,70.07963313298447
38619,437399.7063765464,7775619.212207311,29.857943331065382,0.018110389277283694,29.848795,5,-0.009148393931592835,-0.02725878320887653,-148.64645590992794,70.07981119286669
38620,437397.8061848621,7775639.130519155,29.882987544768348,0.02561226331777297,29.855026,5,-0.027961299651160232,-0.0535735629689332,-148.64652001159027,70.07998926890619
38621,437395.914915565,7775659.049713624,29.897679592073512,0.014927643427982331,29.867718,5,-0.029961849153590236,-0.04488949258157257,-148.64658388044327,70.0801673549907
38622,437394.0318940621,7775678.969731631,29.914490563951528,0.025477398180295874,29.85296,5,-0.061529977403676384,-0.08700737558397226,-148.64664753417287,70.08034545042746
38623,437392.1603197416,7775698.890869137,29.82221513306019,0.025298537992515354,29.805912,5,-0.016303115237924715,-0.04160165323044007,-148.6467108888773,70.08052355864463
38624,437390.2894579182,7775718.812114891,29.789518441706086,0.02748777711820099,29.762428,5,-0.027090158014679844,-0.05457793513288083,-148.64677422602995,70.08070166797748
38625,437388.40170111763,7775738.731668614,29.773827347628036,0.0027162132430572057,29.730772,5,-0.043055329195418324,-0.04577154243847553,-148.64683800723049,70.0808797580233
38627,437384.54749459925,7775778.562933462,29.770924231178608,0.002215084521355764,29.71864,5,-0.05228485739931088,-0.05449994192066664,-148.64696763616288,70.08123584866803
38628,437382.5736194629,7775798.473928275,29.805389713314746,0.023611817930576796,29.828163,5,0.022773433657910402,-0.000838384272666394,-148.6470336786308,70.08141384104552
38629,437380.5645156839,7775818.381475936,29.923353240737704,0.040807027770531135,29.871927,5,-0.05142597938516502,-0.09223300715569616,-148.64710064594627,70.08159179395867
38630,437378.49988050835,7775838.283481688,29.81536128551809,0.018993819176431604,29.793324,5,-0.02203776867238716,-0.04103158784881876,-148.64716907040142,70.08176968371012
38631,437376.396442924,7775858.181643972,29.828103017420514,0.04662658010722019,29.772633,5,-0.055470418543560385,-0.10209699865078058,-148.64723851343285,70.08194752957624
38632,437374.281212367,7775878.078614037,29.762514090861714,0.04633278929263366,29.747707,5,-0.014806723918354692,-0.06113951321098835,-148.6473082668629,70.08212536186602
38633,437372.1667491187,7775897.975707747,29.71217001510002,0.0581590600371421,29.71584,5,0.003669370886306922,-0.05448968915083518,-148.64737800141756,70.08230319541798
38634,437370.065084009,7775917.874012481,29.69603409691191,0.05888256740086283,29.6922,5,-0.0038343898806587617,-0.0627169572815216,-148.6474474015691,70.08248104289476
38635,437367.9858603936,7775937.774610313,29.670362609248333,0.03597505939230903,29.640394,5,-0.029968398432902887,-0.06594345782521191,-148.6475162145445,70.08265891633333
38636,437365.9387263395,7775957.678334558,29.581527074609983,0.023924194420075,29.60471,5,0.023182550634157195,-0.0007416437859178032,-148.6475841872616,70.08283682554239
38637,437363.93895200395,7775977.586774302,29.5590854175828,0.03651750853345559,29.561571,5,0.002485703633020364,-0.034031804900435225,-148.64765091935388,70.08301478846823
38638,437361.9867496653,7775997.499916681,29.564208475721443,0.03265861247657853,29.507753,5,-0.05645510352906058,-0.08911371600563911,-148.64771640519967,70.08319280504841
38639,437360.06946624693,7776017.416543842,29.435465755967908,0.028355704098548717,29.43967,5,0.004204806776233028,-0.02415089732231569,-148.6477809765754,70.08337086130076
38640,437358.1835352017,7776037.336288996,29.417951320750284,0.010457059091800447,29.398327,5,-0.019624446970986753,-0.0300815060627872,-148.64784472696934,70.08354895307393
38643,437352.65530951595,7776097.1082658265,29.42694504690064,0.02929207847644603,29.381744,5,-0.0452006621350165,-0.07449274061146254,-148.64803258717012,70.08408337385055
38644,437350.8369637941,7776117.034677436,29.378316284134108,0.002466241110500695,29.348461,5,-0.02985513301106124,-0.032321374121561934,-148.64809456968715,70.08426154165709
38645,437349.02156885684,7776136.961394293,29.3558345261034,0.001325368984452874,29.318785,5,-0.03704981235828342,-0.03837518134273629,-148.64815647591445,70.08443971288895
38646,437347.1940320359,7776156.886951553,29.340823889472553,0.0068068520858588525,29.310555,5,-0.03026938507802157,-0.03707623716388042,-148.64821870164727,70.08461787075639
38647,437345.34520533215,7776176.81037225,29.346668043978614,0.014119535980100234,29.298964,5,-0.04770449722568415,-0.06182403320578438,-148.64828148673382,70.08479600428359
38648,437343.4705658731,7776196.731188724,29.33273765655049,0.012587054298869128,29.29054,5,-0.04219696136005879,-0.05478401565892792,-148.64834494977978,70.08497410818131
38649,437341.56395896553,7776216.648866839,29.327357134035722,0.0129231086024887,29.282,5,-0.045357546023026885,-0.058280654625515585,-148.64840925225494,70.08515217616846
38650,437339.62789001927,7776236.563607027,29.31027389791307,0.015663343803828323,29.268312,5,-0.04196144368943777,-0.05762478749326609,-148.64847432844485,70.0853302106483
38651,437337.6442686921,7776256.473632204,29.30972680498711,0.014969848137030641,29.28482,5,-0.024906248346486137,-0.03987609648351678,-148.64854065278357,70.0855081913035
38652,437335.6157337301,7776276.379220331,29.303730670342752,0.02215335565605381,29.26451,5,-0.03922146929294712,-0.06137482494900093,-148.648608156115,70.08568612126416
38654,437331.51300970983,7776316.185881122,29.19832942866005,0.02296475927426844,29.18229,5,-0.01604030512489274,-0.03900506439916118,-148.6487443635693,70.08604192954604
38655,437329.46068190987,7776336.089092051,29.21424633855482,0.027645469166643146,29.20315,5,-0.011096543022592442,-0.03874201218923559,-148.6488124943808,70.08621983233569
38656,437327.4184674296,7776355.993336948,29.13571266429785,0.03875054677122366,29.183907,5,0.04819389087793269,0.00944334410670903,-148.64888036117347,70.08639774681586
38657,437325.38999318995,7776375.89893517,29.166107480357418,0.0303015108241512,29.109419,5,-0.05668861133886338,-0.08699012216301458,-148.64894786879458,70.0865756767293
38658,437323.3965172897,7776395.808026542,29.053135837480426,0.031857436882911705,29.063484,5,0.010348354414105643,-0.021509082468806062,-148.64901445975076,70.08675364641411
38659,437321.4436077426,7776415.721082641,29.01857042786495,0.013037124355616015,29.015944,5,-0.0026269006432713127,-0.015664024998887326,-148.64907998793572,70.08693166144921
38660,437319.5095890624,7776435.636048962,28.98938044176657,0.01071515513382938,28.978836,5,-0.010544382196258084,-0.021259537330087466,-148.6491450218528,70.08710969816123
38661,437317.5867824911,7776455.552111008,29.005985159323284,0.01704301327770907,28.954235,5,-0.051750082418987375,-0.06879309569669645,-148.64920976283705,70.08728774738678
38662,437315.66913346574,7776475.468670389,28.959610086572614,0.03026112736486126,28.943153,5,-0.016456705224957346,-0.04671783258981861,-148.64927436967253,70.08746580229345
38663,437313.7506953221,7776495.3851393005,28.887883133548225,0.01884534803351534,28.8935,5,0.005616240841423092,-0.013229107192092249,-148.64933899831874,70.08764385616955
38664,437311.82799064636,7776515.301266252,28.853092931508844,0.03667721661562676,28.83234,5,-0.020752691030327952,-0.057429907645954716,-148.64940374004462,70.08782190591704
38665,437309.8882017498,7776535.215654182,28.75201729401405,0.0368437106530554,28.742218,5,-0.009799276435924043,-0.046642987088979446,-148.64946893093503,70.08799993590266
38666,437307.9274571206,7776555.127944481,28.669063588578762,0.012087393926629978,28.650106,5,-0.0189571585250512,-0.031044552451681175,-148.64953467255899,70.08817794197195
38667,437305.95303429046,7776575.0389167825,28.627608992284117,0.014609757010441536,28.608654,5,-0.01895497006731972,-0.03356472707776126,-148.6496007740994,70.08835593287878
38668,437303.9697067967,7776594.948969039,28.61009298036237,0.004456304278774483,28.566288,5,-0.04380498597760507,-0.048261290256379555,-148.64966711031218,70.08853391334833
38669,437301.9798776215,7776614.858402353,28.566190490352046,0.001678138808454829,28.517248,5,-0.04894233666552239,-0.05062047547397722,-148.64973361822243,70.08871188666252
38670,437299.98704565084,7776634.76750325,28.559498158200217,0.007625857446363608,28.501326,5,-0.05817255090041229,-0.0657984083467759,-148.6498002060217,70.08888985623867
38671,437297.9949666959,7776654.676724886,28.524832816695298,0.005767363104808262,28.475906,5,-0.04892644462498552,-0.054693807729793785,-148.6498667752602,70.08906782705023
38673,437294.0161650545,7776694.495616534,28.45950821470808,0.013503743191973413,28.416805,5,-0.042702947374095857,-0.05620669056606927,-148.6499997766589,70.08942377390387
38674,437292.03798260156,7776714.406181397,28.37932391773305,0.0036592390988343815,28.372787,5,-0.0065364421471123535,-0.010195681245946735,-148.6500659848478,70.0896017600403
38675,437290.0732238384,7776734.3181189755,28.38991741965246,0.020603775712510184,28.33364,5,-0.05627827475499814,-0.07688205046750832,-148.65013184212185,70.08977976171067
38689,437262.6828457445,7777013.096283775,28.113606496897106,0.006644030787304425,28.00473,5,-0.10887627228773056,-0.11552030307503498,-148.65105091443053,70.0922719092275
38692,437256.43916273874,7777072.797430514,28.035645888778586,0.004006626041468212,27.939096,5,-0.09654943797292148,-0.1005560640143897,-148.6512577071523,70.09280551723226
38693,437254.4052351868,7777092.702456565,28.010819941659175,0.022817598896044435,27.9343,5,-0.07652047266503459,-0.09933807156107902,-148.65132539957867,70.09298343962085
38694,437252.4252029195,7777112.612865336,27.959610722374176,0.03273185289198918,27.89818,5,-0.061430714439605794,-0.09416256733159498,-148.65139167934194,70.09316142332165
38703,437234.85173606395,7777291.830770699,27.73438680532501,0.0009120044029732825,27.629208,5,-0.10517919424102473,-0.10609119864399802,-148.65198177332118,70.09476355245194
38704,437232.8378547462,7777311.737849012,27.694809832946607,0.026185141248217424,27.60668,5,-0.0881299165647711,-0.11431505781298852,-148.6520489526266,70.0949414977814
38706,437228.812622544,7777351.552177612,27.60999278020364,0.0054781739376307025,27.502491,5,-0.10750178288918733,-0.11297995682681802,-148.65218324829385,70.09529739050674
