,lat,lon,x,y,beam,is2_height,lidar_height,lidar_snow_depth,is2_snow_depth,geometry,snow_depth_residual
5874,65.237816,-147.4358,479631.84689084365,7235029.451800943,1,706.16095,705.7617974424616,1.2024798727488415,0.3991522645696932,POINT (-147.43580627441406 65.2378158569336),-0.8033276081791483
5875,65.23692,-147.43604,479620.4623420052,7234930.0415363135,1,698.25305,697.4858823641475,1.0825841213786567,0.7671693936649717,POINT (-147.43603515625 65.23692321777344),-0.31541472771368495
5876,65.23603,-147.43628,479608.363891825,7234830.6362574175,1,695.67096,695.3358900929805,1.18476588052225,0.3350693796757014,POINT (-147.436279296875 65.23603057861328),-0.8496965008465487
5878,65.234245,-147.43677,479584.1646976687,7234631.82588017,1,737.9028,737.4656587194268,1.2228976796116686,0.43711227666699415,POINT (-147.436767578125 65.23424530029297),-0.7857854029446745
5879,65.23335,-147.437,479572.7772106602,7234532.415841978,1,755.8501,755.281739152073,1.2740304410035046,0.568358504177013,POINT (-147.43699645996094 65.23335266113281),-0.7056719368264917
5880,65.23246,-147.43724,479560.6757261704,7234433.010800928,1,769.7963,768.9473397431391,1.28523642656176,0.8489859404546678,POINT (-147.43724060058594 65.23246002197266),-0.43625048610709216
5881,65.23157,-147.43748,479548.57347711426,7234333.605820071,1,780.8139,779.8341662691433,1.231780795563522,0.9797375394504115,POINT (-147.43748474121094 65.2315673828125),-0.2520432561131105
5882,65.230675,-147.43771,479537.1837925779,7234234.195951064,1,789.1081,788.0677952842459,1.178950487797186,1.0402979774728465,POINT (-147.43771362304688 65.23067474365234),-0.13865251032433945
5883,65.22979,-147.43797,479524.372587136,7234135.646329989,1,791.8748,790.7122244198894,1.244386309462404,1.1625924746418832,POINT (-147.43797302246094 65.22978973388672),-0.08179383482052072
5885,65.228004,-147.43843,479501.58954568947,7233936.826875574,1,774.06934,772.8946597648332,0.9806039409119812,1.17467617266675,POINT (-147.4384307861328 65.2280044555664),0.19407223175476884
5886,65.22711,-147.43866,479490.1969503033,7233837.417230265,1,758.98413,757.9374846178199,1.049991787915816,1.046646241555095,POINT (-147.43865966796875 65.22711181640625),-0.003345546360721041
5887,65.22622,-147.4389,479478.0901894029,7233738.012601844,1,741.0143,739.9474954634336,0.9981424580224607,1.0667867631289027,POINT (-147.43890380859375 65.2262191772461),0.06864430510644204
5888,65.22533,-147.43915,479465.9826639955,7233638.608033643,1,721.4691,720.5680796168101,1.030769264346398,0.9010365941273903,POINT (-147.43914794921875 65.22532653808594),-0.12973267021900758
5891,65.22265,-147.43983,479431.79613657505,7233340.379769321,1,657.6076,656.6643624566344,0.8111186351212238,0.9432425238343285,POINT (-147.43983459472656 65.22264862060547),0.13212388871310465
5892,65.221756,-147.44008,479419.6856253544,7233240.975433346,1,636.0079,635.3080212310399,0.9431977540794559,0.699852304116348,POINT (-147.44007873535156 65.22175598144531),-0.24334544996310792
5893,65.22086,-147.4403,479408.28794300184,7233141.566178481,1,615.6131,614.4091226256686,0.885866054405715,1.2039755188626486,POINT (-147.4403076171875 65.22086334228516),0.31810946445693367
5895,65.21908,-147.44078,479384.7767877738,7232942.752817194,1,582.5955,581.4629387007428,1.0632523446217275,1.132581318788425,POINT (-147.44078063964844 65.21907806396484),0.06932897416669759
5897,65.21729,-147.44125,479361.2626709588,7232743.939685489,1,585.75415,584.5628269720066,1.0341755993544877,1.1913234186183672,POINT (-147.44125366210938 65.21729278564453),0.15714781926387955
5900,65.214615,-147.44197,479325.62906210305,7232445.722917818,1,579.545,578.2786759990682,0.7398338144504886,1.2663069110880087,POINT (-147.4419708251953 65.21461486816406),0.5264730966375202
5901,65.21372,-147.4422,479314.2255528386,7232346.314110929,1,573.4659,572.7292944701057,0.7156067076990764,0.7365868775505078,POINT (-147.44219970703125 65.2137222290039),0.020980169851431363
5903,65.211945,-147.44269,479289.9946824036,7232148.356963995,1,518.22205,517.3361397778059,0.8452527681296543,0.8859061206316028,POINT (-147.44268798828125 65.21194458007812),0.04065335250194846
5904,65.21105,-147.44292,479278.5889792058,7232048.948326392,1,491.7976,490.89818946205986,0.8588281478331246,0.8994179598151391,POINT (-147.4429168701172 65.21105194091797),0.0405898119820145
5906,65.20927,-147.44339,479255.0615183347,7231850.136230709,1,448.35196,447.3724461903744,0.8689281265427932,0.9795130381412491,POINT (-147.44338989257812 65.20926666259766),0.11058491159845596
5907,65.208374,-147.44362,479243.65364227805,7231750.727759823,1,429.45462,428.4023591124707,0.8833582526935535,1.0522612488574055,POINT (-147.44361877441406 65.2083740234375),0.16890299616385196
5908,65.20748,-147.44385,479232.2450499646,7231651.319343606,1,409.10214,407.936905528724,0.8573073940911177,1.1652368052603492,POINT (-147.44384765625 65.20748138427734),0.30792941116923156
5909,65.20659,-147.44408,479220.8357414036,7231551.910982066,1,389.72766,388.67608732988833,0.8295883802782154,1.0515738029241675,POINT (-147.44407653808594 65.20658874511719),0.2219854226459521
5910,65.205696,-147.44432,479208.7117148082,7231452.507701794,1,370.0464,368.84371952831054,0.7949750150065261,1.2026671904394561,POINT (-147.44432067871094 65.20569610595703),0.40769217543293
5912,65.20391,-147.4448,479185.17541857244,7231253.696289764,1,333.13724,331.87058805040425,0.7807508880931308,1.2666494984238739,POINT (-147.44479370117188 65.20391082763672),0.4858986103307431
5913,65.20302,-147.44504,479173.04912311956,7231154.293187505,1,325.6057,324.6300305055937,0.8120102447881855,0.9756823850312912,POINT (-147.44503784179688 65.20301818847656),0.16367214024310572
5914,65.202126,-147.44527,479161.636161325,7231054.885107548,1,325.5633,324.9183229528181,0.8931122134049706,0.6449705042131768,POINT (-147.4452667236328 65.2021255493164),-0.2481417091917938
5919,65.19766,-147.44646,479102.4179551645,7230557.860683609,1,410.55777,410.11502395109954,0.9103319664143292,0.4427458242910802,POINT (-147.4464569091797 65.19766235351562),-0.467586142123249
5923,65.1941,-147.44742,479054.6074189272,7230161.0955135,1,441.91495,441.4315992456939,0.9828629791978359,0.48334826407170794,POINT (-147.44741821289062 65.19409942626953),-0.499514715126128
5924,65.19321,-147.44766,479042.47281624645,7230061.693063124,1,434.93292,434.3632372871107,0.9705340835701752,0.5696850761705718,POINT (-147.44766235351562 65.19320678710938),-0.4008490073996034
5925,65.192314,-147.4479,479030.3374493801,7229962.290673093,1,421.6993,421.14542457428956,0.9732203426204777,0.5538857284448113,POINT (-147.44790649414062 65.19231414794922),-0.4193346141756664
5926,65.19142,-147.44814,479018.91570449737,7229862.883271347,1,407.55243,407.2007123196858,0.9786037614423869,0.35171687953294395,POINT (-147.44813537597656 65.19142150878906),-0.626886881909443
5927,65.19053,-147.44836,479007.49324351555,7229763.475924329,1,393.05142,392.49832258378444,0.9122087235907139,0.5530995353561821,POINT (-147.4483642578125 65.1905288696289),-0.35910918823453186
5929,65.18874,-147.44884,478983.9317150225,7229564.666474754,1,364.09686,363.6301724355335,0.8860086195652165,0.46669035743525455,POINT (-147.44883728027344 65.1887435913086),-0.4193182621299619
5930,65.18785,-147.44907,478972.5070817594,7229465.259294677,1,352.24298,351.5227522780316,0.8702891310587232,0.7202286789996606,POINT (-147.44906616210938 65.18785095214844),-0.1500604520590626
5931,65.18696,-147.44931,478960.36722609506,7229365.857255217,1,340.73892,340.2439282502602,0.7703458389318835,0.4949938688804423,POINT (-147.44931030273438 65.18695831298828),-0.2753519700514412
5932,65.186066,-147.44954,478948.94113667385,7229266.450187361,1,328.43323,327.8644080649087,0.8425496596006294,0.5688194741538268,POINT (-147.4495391845703 65.18606567382812),-0.2737301854468026
5933,65.18517,-147.44978,478936.799776801,7229167.048265749,1,315.8146,315.1395852721334,0.9319442064620036,0.6750204407572369,POINT (-147.4497833251953 65.18517303466797),-0.2569237657047667
5934,65.18428,-147.45001,478925.3722312553,7229067.641310126,1,306.1032,305.3897580238847,0.8778102718329298,0.713452425334026,POINT (-147.45001220703125 65.18428039550781),-0.16435784649890384
5935,65.18339,-147.45026,478913.22936720826,7228968.239506379,1,299.6035,298.9734158903705,0.8861359915640268,0.6300692170513571,POINT (-147.45025634765625 65.18338775634766),-0.2560667745126697
5936,65.182495,-147.45049,478901.8003655716,7228868.8326630015,1,293.1129,292.51156333859,0.7811605522010722,0.6013517004724918,POINT (-147.4504852294922 65.1824951171875),-0.1798088517285804
5937,65.1816,-147.45073,478889.65599738463,7228769.43097713,1,288.65512,287.95184760493146,0.6962275656760332,0.7032732446779164,POINT (-147.4507293701172 65.18160247802734),0.007045679001883243
5938,65.18071,-147.45096,478878.2255396905,7228670.024246012,1,283.35513,282.5167219188904,0.8971847628110227,0.8384111377501995,POINT (-147.45095825195312 65.18070983886719),-0.058773625060823176
5939,65.179825,-147.4512,478866.0857449774,7228571.472962416,1,278.1056,277.45905351692824,0.8510450134014689,0.6465373033842639,POINT (-147.45120239257812 65.17982482910156),-0.20450771001720502
5940,65.17893,-147.45145,478853.93911187415,7228472.071454714,1,271.934,271.01708897858833,0.9003222990441253,0.9169014999272918,POINT (-147.45144653320312 65.1789321899414),0.016579200883166445
5941,65.17804,-147.45168,478842.5064611779,7228372.664893254,1,268.33755,267.2117566453535,1.2006468419578296,1.1257982862871359,POINT (-147.45167541503906 65.17803955078125),-0.0748485556706937
5942,65.17715,-147.4519,478831.073094508,7228273.258386574,1,267.21756,266.414024419465,0.9612288969827784,0.8035353949881028,POINT (-147.451904296875 65.1771469116211),-0.15769350199467558
5943,65.176254,-147.45215,478818.9242173509,7228173.857054295,1,266.17697,265.3942979581766,0.9318506151146276,0.782673477370281,POINT (-147.4521484375 65.17625427246094),-0.1491771377443466
5944,65.17536,-147.4524,478806.7745761738,7228074.455782432,1,264.89764,264.0573650130832,0.8428580090846667,0.8402790298855507,POINT (-147.452392578125 65.17536163330078),-0.0025789791991159827
5945,65.17447,-147.45262,478795.3390135642,7227975.0494455695,1,264.53436,263.94226557195793,0.9546841643812473,0.5920972210108175,POINT (-147.45262145996094 65.17446899414062),-0.36258694337042974
5946,65.17358,-147.45287,478783.18786840164,7227875.648291645,1,264.5149,263.4078406995505,0.8965474643626286,1.1070518785745094,POINT (-147.45286560058594 65.17357635498047),0.21050441421188082
5947,65.17268,-147.4531,478771.7508498858,7227776.2420671,1,264.541,263.49055981127856,0.9259577550534481,1.0504252961433167,POINT (-147.45309448242188 65.17268371582031),0.12446754108986857
5948,65.17179,-147.45334,478759.5982007721,7227676.841031126,1,272.31406,271.40903563326685,0.9625906161337069,0.9050207632175216,POINT (-147.45333862304688 65.17179107666016),-0.05756985291618533
5949,65.1709,-147.45357,478748.1597263835,7227577.434918913,1,283.0325,282.00208902886607,0.8700961166109173,1.0304121918370583,POINT (-147.4535675048828 65.1708984375),0.160316075226141
5950,65.170006,-147.45381,478736.00557335286,7227478.034000906,1,292.67453,292.06640373915377,0.9645589527213906,0.6081262901431046,POINT (-147.4538116455078 65.17000579833984),-0.356432662578286
5951,65.16911,-147.45406,478723.8506563618,7227378.633143339,1,301.88693,301.0840751956534,0.9263056571370788,0.8028571773934914,POINT (-147.4540557861328 65.16911315917969),-0.12344847974358741
5952,65.16822,-147.4543,478711.6949754179,7227279.232346215,1,309.94272,308.8936502614172,0.9107689961942248,1.0490682444421964,POINT (-147.4542999267578 65.16822052001953),0.13829924824797157
5953,65.16733,-147.45453,478700.2535653557,7227179.826461433,1,320.60266,319.73519719429817,0.949752867328433,0.8674639385143337,POINT (-147.45452880859375 65.16732788085938),-0.08228892881409933
5954,65.16644,-147.45477,478688.10250556516,7227081.276064897,1,328.32294,327.4704026406667,0.9305754144159736,0.8525343710520588,POINT (-147.45477294921875 65.16644287109375),-0.07804104336391482
5955,65.16555,-147.455,478676.659642769,7226981.870292368,1,342.80945,342.5034628577662,0.9461683062877186,0.3059853844213194,POINT (-147.4550018310547 65.1655502319336),-0.6401829218663992
5956,65.16466,-147.45526,478663.78585070267,7226882.474887762,1,363.64417,363.2368762508219,0.9780731516294519,0.407288788240578,POINT (-147.45526123046875 65.16465759277344),-0.5707843633888738
5957,65.163765,-147.45549,478652.34150813776,7226783.069230344,1,381.9817,381.513466582276,1.027185829608205,0.46822287084899017,POINT (-147.4554901123047 65.16376495361328),-0.5589629587592149
5958,65.16287,-147.45573,478640.18129496917,7226683.668790026,1,397.4304,396.5825885286849,1.0527569655737499,0.8478008756119948,POINT (-147.4557342529297 65.16287231445312),-0.20495608996175507
5959,65.16198,-147.45596,478628.7354967001,7226584.263245009,1,409.67395,408.72712363004683,1.0652929094170205,0.9468265652656669,POINT (-147.45596313476562 65.16197967529297),-0.1184663441513536
5960,65.16109,-147.4562,478616.5737797868,7226484.862922724,1,417.413,416.4573000624822,0.8857221580879555,0.9556943222834207,POINT (-147.45620727539062 65.16108703613281),0.06997216419546515
5961,65.160194,-147.45645,478604.41129899904,7226385.462660916,1,424.13217,422.9557532675023,0.9156960562035177,1.1764183633570724,POINT (-147.45645141601562 65.16019439697266),0.2607223071535547
5962,65.1593,-147.4567,478592.2480543479,7226286.062459585,1,432.8369,431.9967856672153,1.0693929734547185,0.8401283952846939,POINT (-147.45669555664062 65.1593017578125),-0.22926457817002466
5963,65.15841,-147.45694,478580.0840458409,7226186.662318735,1,441.3133,440.23347805899044,0.9384215736194461,1.0798153980408074,POINT (-147.45693969726562 65.15840911865234),0.14139382442136128
5964,65.15752,-147.45717,478568.634572416,7226087.257058865,1,449.55438,448.3958660254491,0.9952996539444662,1.158516298769655,POINT (-147.45716857910156 65.15751647949219),0.16321664482518872
5965,65.156624,-147.4574,478557.18438320793,7225987.851853852,1,453.43158,452.47315441353953,1.0450910488122163,0.9584251763042175,POINT (-147.4573974609375 65.15662384033203),-0.08666587250799873
5966,65.15573,-147.45764,478545.01813123986,7225888.45188866,1,452.93985,451.73039411661654,0.9845545926822629,1.2094557368990877,POINT (-147.4576416015625 65.15573120117188),0.22490114421682483
5968,65.15395,-147.45811,478521.40490026225,7225690.497229919,1,442.07288,440.83319832600387,1.1143709051885524,1.239677650558633,POINT (-147.45811462402344 65.1539535522461),0.12530674537008069
5969,65.15306,-147.45834,478509.95180298603,7225591.092249704,1,434.6807,433.56254489002816,1.1017340318578832,1.118149690049961,POINT (-147.45834350585938 65.15306091308594),0.016415658192077798
5970,65.15217,-147.45857,478498.49798996915,7225491.687324355,1,432.10425,431.1289188136963,0.9609547284923435,0.9753292331786838,POINT (-147.4585723876953 65.15216827392578),0.014374504686340273
5973,65.14949,-147.45929,478462.70122661145,7225193.4832866015,1,406.64294,405.40956227725434,1.2498241593447041,1.233382058683162,POINT (-147.45928955078125 65.14949035644531),-0.01644210066154206
5978,65.14503,-147.46046,478403.9791797224,7224696.470770717,1,298.7684,297.70283967716074,1.0539657710770918,1.065562422448636,POINT (-147.46046447753906 65.14502716064453),0.011596651371544198
5979,65.144135,-147.4607,478392.51882929605,7224597.066350287,1,286.0598,284.86872965614873,0.9921400425568003,1.19108479697627,POINT (-147.460693359375 65.14413452148438),0.19894475441946957
5981,65.14235,-147.46117,478368.8802743058,7224398.262901111,1,250.48996,250.01946070999074,1.215793918842943,0.4704990068061363,POINT (-147.46116638183594 65.14234924316406),-0.7452949120368066
5984,65.13967,-147.46187,478333.77478396,7224100.055542264,1,213.43364,212.595597171871,0.8678433328287656,0.8380423544961957,POINT (-147.4618682861328 65.1396713256836),-0.029800978332569894
5985,65.13878,-147.46211,478321.5942883893,7224000.656695014,1,212.90907,212.0328417726414,0.8877691949111749,0.876231103335158,POINT (-147.4621124267578 65.13877868652344),-0.011538091576016929
5986,65.137886,-147.46236,478309.4130291621,7223901.257908326,1,212.64867,211.7865287324089,0.845894090914118,0.8621376494270407,POINT (-147.4623565673828 65.13788604736328),0.016243558512922696
5987,65.13699,-147.46259,478297.946857599,7223801.8539381465,1,212.17856,211.49619819022527,0.5998868646325869,0.6823601593841033,POINT (-147.46258544921875 65.13699340820312),0.08247329475151643
5988,65.13611,-147.46281,478286.486202195,7223703.300301433,1,212.3483,211.6381213183592,0.8390765058145472,0.7101758007814283,POINT (-147.4628143310547 65.1361083984375),-0.1289007050331189
5989,65.135216,-147.46306,478274.3027033377,7223603.90169052,1,211.75902,210.54204812301012,0.725759411519578,1.2169698213258187,POINT (-147.4630584716797 65.13521575927734),0.49121040980624064
5990,65.13432,-147.46329,478262.8343640348,7223504.497887755,1,211.54727,210.65428587747581,0.9643526090309591,0.8929858510398105,POINT (-147.46328735351562 65.13432312011719),-0.07136675799114856
5991,65.13343,-147.46353,478250.6493619648,7223405.099395086,1,211.6322,210.89668340220416,0.9306311950874049,0.735518746233339,POINT (-147.46353149414062 65.13343048095703),-0.19511244885406587
5992,65.13254,-147.46378,478238.4635962903,7223305.700963003,1,212.82826,212.40434460044057,0.8926239671934046,0.42391772866099586,POINT (-147.46377563476562 65.13253784179688),-0.4687062385324088
5993,65.131645,-147.464,478226.9930622637,7223206.297330532,1,211.75876,210.9893986864887,1.0179351772389555,0.7693598584331767,POINT (-147.46400451660156 65.13164520263672),-0.24857531880577888
5871,65.23747,-147.50563,476368.23691618966,7235015.534338652,3,785.17487,783.9092511124328,1.0894639711410095,1.2656146102234516,POINT (-147.50563049316406 65.23747253417969),0.1761506390824421
5872,65.23658,-147.50587,476356.02904271433,7234916.14228156,3,787.70355,786.5235693763098,1.0538408416186296,1.1799828697839985,POINT (-147.50587463378906 65.23657989501953),0.1261420281653689
5873,65.23569,-147.5061,476344.5335949076,7234816.744564661,3,790.7914,789.6251190814877,1.2296476135417362,1.1662627544498037,POINT (-147.506103515625 65.23568725585938),-0.06338485909193259
5874,65.234795,-147.50635,476332.3242179511,7234717.352626305,3,793.4756,792.2571576666203,1.2122117999191173,1.2184282708797127,POINT (-147.50634765625 65.23479461669922),0.0062164709605954105
5875,65.2339,-147.50658,476320.827314763,7234617.955022498,3,796.8304,795.7089231328584,1.0228198472596077,1.1214601679228053,POINT (-147.50657653808594 65.23390197753906),0.09864032066319761
5876,65.23301,-147.5068,476309.3296959175,7234518.557473873,3,799.84015,798.7882683893544,1.0396773112931155,1.0518805364268928,POINT (-147.50680541992188 65.2330093383789),0.012203225133777362
5877,65.23212,-147.50703,476297.83136142406,7234419.159980431,3,802.1219,800.9917715416337,1.2066023994386337,1.1301156653975113,POINT (-147.5070343017578 65.23211669921875),-0.07648673404112238
5878,65.231224,-147.50728,476285.61900164705,7234319.768276678,3,803.06464,802.0024072651184,1.1961771350327226,1.0622289653503003,POINT (-147.5072784423828 65.2312240600586),-0.1339481696824223
5879,65.23033,-147.50752,476273.40587815765,7234220.376633767,3,802.0108,801.0535013526802,1.080224352663388,0.9573018699760496,POINT (-147.5075225830078 65.23033142089844),-0.1229224826873383
5880,65.22944,-147.50775,476261.90534868336,7234120.97931138,3,799.18335,798.2772403376184,1.106087872709299,0.9061092717565771,POINT (-147.50775146484375 65.22943878173828),-0.19997860095272202
5881,65.228546,-147.508,476249.6907218327,7234021.587787251,3,795.9423,795.1227258813158,1.1914917112015155,0.8195958960279768,POINT (-147.50799560546875 65.22854614257812),-0.37189581517353876
5882,65.22765,-147.50824,476237.47533129464,7233922.196323977,3,793.00183,792.0596358257702,1.2810735571775078,0.942195228917285,POINT (-147.50823974609375 65.22765350341797),-0.3388783282602228
5883,65.22676,-147.50847,476225.9726069168,7233822.7991726715,3,791.3922,790.7656969746517,1.0152441567301018,0.6265149394107539,POINT (-147.5084686279297 65.22676086425781),-0.38872921731934795
5884,65.22587,-147.50871,476213.7557130692,7233723.4078282025,3,789.8645,789.448298005662,1.0677068502599651,0.4162039474630319,POINT (-147.5087127685547 65.22586822509766),-0.6515029027969332
5885,65.224976,-147.50896,476201.538055559,7233624.016544598,3,786.5295,786.2121973865952,1.1785102561373146,0.31728259387352864,POINT (-147.5089569091797 65.2249755859375),-0.861227662263786
5886,65.22408,-147.50919,476190.03313635493,7233524.619564407,3,780.87665,780.4394070096271,1.1277005845785353,0.43724093959167476,POINT (-147.50918579101562 65.22408294677734),-0.6904596449868605
5887,65.22319,-147.50938,476179.95455357974,7233425.211119558,3,774.8543,773.9929714151446,1.0316427034950577,0.8613376668866977,POINT (-147.50938415527344 65.22319030761719),-0.17030503660836005
5888,65.2223,-147.50963,476167.73470129224,7233325.820006914,3,767.1326,766.4685670342591,1.0498895254466214,0.6640623602721689,POINT (-147.50962829589844 65.22229766845703),-0.3858271651744525
5889,65.22141,-147.50989,476154.8073817008,7233227.285005187,3,756.83295,756.6337210113287,1.171883843138749,0.19922576601504716,POINT (-147.5098876953125 65.2214126586914),-0.9726580771237019
5890,65.22052,-147.51012,476143.29957927606,7233127.888248503,3,743.2058,742.5063583252322,1.1772337499720325,0.6994522216427868,POINT (-147.51011657714844 65.22052001953125),-0.4777815283292457
5891,65.21963,-147.51036,476131.0774393733,7233028.497318378,3,726.2342,725.7954297803971,1.1117411921708822,0.4387621141341924,POINT (-147.51036071777344 65.2196273803711),-0.6729790780366898
5892,65.218735,-147.51059,476119.56818185246,7232929.100674899,3,707.48676,706.8209462639625,1.1934248193268997,0.665809107131281,POINT (-147.51058959960938 65.21873474121094),-0.5276157121956186
5893,65.21784,-147.51082,476108.0582088165,7232829.704086657,3,688.6677,688.3371907854424,1.0748535912304535,0.33053382393256925,POINT (-147.5108184814453 65.21784210205078),-0.7443197672978843
5894,65.21695,-147.51105,476096.54752027127,7232730.307553652,3,668.1397,667.2223995418505,1.0668906458030758,0.9173099308057999,POINT (-147.51104736328125 65.21694946289062),-0.14958071499727588
5895,65.21606,-147.51129,476084.322398129,7232630.916858357,3,648.79724,648.0795103588703,1.0547130875920236,0.7177308520672341,POINT (-147.51129150390625 65.21605682373047),-0.33698223552478956
5897,65.21427,-147.51176,476060.5836293251,7232432.129862185,3,606.81616,606.1872364989734,1.077999753711381,0.6289256104015521,POINT (-147.5117645263672 65.21427154541016),-0.44907414330982887
5898,65.21338,-147.512,476049.0700307549,7232332.733555652,3,588.06433,587.3058864303716,1.092406305056681,0.7584446243158709,POINT (-147.51199340820312 65.21337890625),-0.3339616807408101
5899,65.21249,-147.51224,476036.8419024728,7232233.343098162,3,567.49774,567.1365030981151,0.9331908478365278,0.3612386011036506,POINT (-147.51223754882812 65.21248626708984),-0.5719522467328773
5900,65.21159,-147.51247,476025.32684894046,7232133.946904885,3,548.64703,548.0067144818516,0.9529038739694131,0.6403192095546046,POINT (-147.51246643066406 65.21159362792969),-0.3125846644148085
5901,65.2107,-147.5127,476013.81107995816,7232034.550766872,3,527.48193,526.5673186744121,0.9227170883350287,0.9146149193378506,POINT (-147.5126953125 65.21070098876953),-0.008102168997178194
5902,65.20981,-147.51294,476001.58070917916,7231935.160486307,3,506.1893,505.96310382035205,0.8092483270736095,0.2261967167573289,POINT (-147.512939453125 65.20980834960938),-0.5830516103162806
5905,65.20713,-147.51366,475965.59897430474,7231636.984199256,3,424.57562,423.3661605167692,0.9080698709547175,1.2094620418245654,POINT (-147.51365661621094 65.2071304321289),0.30139217086984793
5906,65.206245,-147.51389,475954.0864794936,7231538.438628135,3,441.30093,440.51851820182577,1.059323319479145,0.7824156360648544,POINT (-147.51388549804688 65.20624542236328),-0.2769076834142905
5907,65.20535,-147.51413,475941.8523425826,7231439.048646282,3,476.21893,475.32326430088256,0.9705155079581191,0.8956688045861938,POINT (-147.51412963867188 65.20535278320312),-0.07484670337192534
5909,65.20357,-147.51459,475918.8098871758,7231240.257221091,3,532.39777,531.4342841316172,0.8834911209553711,0.9634819816640174,POINT (-147.51458740234375 65.20356750488281),0.07999086070864636
5910,65.202675,-147.51483,475906.5735079732,7231140.867416251,3,556.2408,555.0207750087184,1.023839553035227,1.220008682687876,POINT (-147.51483154296875 65.20267486572266),0.1961691296526491
5911,65.20178,-147.51508,475894.33636533446,7231041.477672363,3,578.02216,576.8054570957275,0.9330200273931053,1.2166986659912027,POINT (-147.51507568359375 65.2017822265625),0.2836786385980974
5914,65.199104,-147.51576,475859.76288059447,7230743.291297519,3,641.68243,640.834619165212,1.0235999011085357,0.8478149168192886,POINT (-147.51576232910156 65.19910430908203),-0.17578498428924716
5915,65.19821,-147.516,475847.52275639743,7230643.901788732,3,664.7965,664.1371094084515,1.0121194083481442,0.6593993806110348,POINT (-147.51600646972656 65.19821166992188),-0.3527200277371094
5916,65.19732,-147.51624,475835.99609144655,7230544.506499115,3,689.5055,688.6375633885566,0.9410500688505092,0.8679297755058997,POINT (-147.5162353515625 65.19731903076172),-0.07312029334460957
5917,65.19643,-147.51648,475823.75446450553,7230445.11710936,3,709.2764,708.2073864763846,0.9586300666803496,1.0690417462716368,POINT (-147.5164794921875 65.19642639160156),0.11041167959128728
5918,65.19553,-147.51672,475811.51207419025,7230345.72778058,3,727.0093,725.8518259581408,0.9254493165654952,1.1574513856091926,POINT (-147.5167236328125 65.1955337524414),0.23200206904369736
5919,65.19464,-147.51697,475799.2689205083,7230246.338512785,3,740.00275,738.90776917859,1.1140550653294685,1.0949774034412485,POINT (-147.5169677734375 65.19464111328125),-0.01907766188822002
5920,65.19375,-147.5172,475787.73932223656,7230146.943452669,3,748.18097,747.1279471512983,0.870606361824373,1.0530220869829918,POINT (-147.51719665527344 65.1937484741211),0.1824157251586188
5921,65.192856,-147.51743,475776.20900868106,7230047.548447887,3,750.4473,749.3854911161619,0.9978457638891834,1.0618355439943343,POINT (-147.51742553710938 65.19285583496094),0.06398978010515088
5922,65.19196,-147.51765,475764.6779798513,7229948.153498429,3,743.28485,742.4094155217916,1.0023357063677287,0.8754355524271205,POINT (-147.5176544189453 65.19196319580078),-0.12690015394060827
5923,65.19107,-147.51788,475753.1462357531,7229848.758604306,3,729.9214,729.1858958105266,1.1025688085549297,0.7354909082233689,POINT (-147.51788330078125 65.19107055664062),-0.36707790033156074
5924,65.190186,-147.51813,475740.9063411329,7229750.219909919,3,712.02716,711.1945124481663,1.1313938271715098,0.8326481963649712,POINT (-147.51812744140625 65.190185546875),-0.2987456308065386
5925,65.18929,-147.51836,475729.37314552435,7229650.825129093,3,691.3346,690.9191931775538,1.062173637583213,0.4154015490087204,POINT (-147.5183563232422 65.18929290771484),-0.6467720885744925
5926,65.1884,-147.5186,475717.12477191526,7229551.436273554,3,669.8104,669.2057495782448,0.994190601209618,0.6046752264427369,POINT (-147.5186004638672 65.18840026855469),-0.38951537476688114
5927,65.18751,-147.51884,475704.8756350075,7229452.047479024,3,646.0574,645.3366449449942,1.0758121677142192,0.7207281018808089,POINT (-147.5188446044922 65.18750762939453),-0.35508406583341023
5928,65.186615,-147.51907,475693.3402456336,7229352.652869727,3,621.91864,620.7486136659383,1.0328463010230853,1.170026470780499,POINT (-147.51907348632812 65.18661499023438),0.13718016975741376
5929,65.18572,-147.5193,475681.8041410411,7229253.25831578,3,597.9494,597.3935328246331,0.9584922024260293,0.5558690308356518,POINT (-147.51930236816406 65.18572235107422),-0.4026231715903775
5931,65.18394,-147.51976,475658.72978623695,7229054.469373953,3,547.25977,546.5417537909258,1.0010804020609827,0.7180118340742183,POINT (-147.51976013183594 65.1839370727539),-0.2830685679867644
5932,65.183044,-147.52,475646.4769290956,7228955.08087285,3,523.9937,523.3932146635934,0.8631507325657032,0.6004987153128241,POINT (-147.52000427246094 65.18304443359375),-0.2626520172528791
5933,65.18215,-147.52025,475634.2233087087,7228855.692432774,3,498.44504,497.63392794438226,0.929740933689647,0.8111098974146103,POINT (-147.52024841308594 65.1821517944336),-0.1186310362750368
5934,65.18126,-147.52048,475622.683580091,7228756.298161125,3,475.58588,474.7795662971481,0.9532656941721074,0.8063101676956421,POINT (-147.52047729492188 65.18125915527344),-0.14695552647646526
5936,65.179474,-147.52094,475599.601977362,7228557.509783943,3,429.6129,429.3307967005765,0.9222432521837053,0.28211833848598644,POINT (-147.52093505859375 65.17947387695312),-0.6401249136977188
5937,65.17858,-147.52118,475587.34537616756,7228458.121579266,3,407.4609,407.27862692814705,0.8568263457716994,0.18228005427482685,POINT (-147.52117919921875 65.17858123779297),-0.6745462914968725
5938,65.17769,-147.52142,475575.08801177226,7228358.733435636,3,384.73218,383.7707591351525,0.8711471669642347,0.9614185992224975,POINT (-147.52142333984375 65.17768859863281),0.09027143225826284
5939,65.176796,-147.52165,475563.5446593387,7228259.339446366,3,358.299,357.4560590816539,0.895955546462126,0.8429521488148453,POINT (-147.5216522216797 65.17679595947266),-0.05300339764728079
5940,65.1759,-147.52188,475552.0005917803,7228159.945512484,3,344.24622,343.5151657629764,0.9809465130504049,0.7310500573361196,POINT (-147.52188110351562 65.1759033203125),-0.24989645571428531
5946,65.170555,-147.5233,475480.583387343,7227564.451128226,3,464.98547,464.7938539829628,0.8722809398757948,0.19161964984971291,POINT (-147.52330017089844 65.1705551147461),-0.6806612900260819
5947,65.16966,-147.52353,475469.03424507676,7227465.057590261,3,473.9329,473.5875436432849,0.9320428516444386,0.34534820241822217,POINT (-147.52352905273438 65.16966247558594),-0.5866946492262164
5948,65.16877,-147.52376,475457.48438775085,7227365.664107707,3,483.68872,483.3357931592706,0.8428305380086217,0.35292754385437775,POINT (-147.5237579345703 65.16876983642578),-0.489902994154244
5949,65.16788,-147.524,475445.2188001378,7227266.276615263,3,492.43378,491.9956801140199,1.053465048494834,0.43809674144887367,POINT (-147.5240020751953 65.16787719726562),-0.6153683070459603
5950,65.166985,-147.52425,475432.9524494268,7227166.889183906,3,499.1788,498.95939277776796,1.1404731508649337,0.21940971246641539,POINT (-147.5242462158203 65.16698455810547),-0.9210634383985183
5951,65.16609,-147.52446,475422.11546220694,7227067.489932741,3,502.93256,502.1976155451174,1.034393154903423,0.7349406072263491,POINT (-147.5244598388672 65.16609191894531),-0.29945254767707397
5952,65.1652,-147.52469,475410.5627206969,7226968.0966746155,3,502.9798,502.36945869198706,0.9797485077543944,0.610338671294187,POINT (-147.52468872070312 65.16519927978516),-0.3694098364602074
5953,65.16431,-147.52495,475397.5790414783,7226868.715363819,3,499.3953,498.640072508017,1.0390302568852938,0.7552216814361259,POINT (-147.5249481201172 65.164306640625),-0.28380857544916793
5954,65.163414,-147.52518,475386.0248218854,7226769.322222052,3,491.55228,490.5784499334486,1.0183596332331404,0.973826677879515,POINT (-147.52517700195312 65.16341400146484),-0.044532955353625336
5955,65.16252,-147.5254,475374.4698872921,7226669.929135719,3,476.9124,475.9033462334259,0.9749340502628304,1.009068317355343,POINT (-147.52540588378906 65.16252136230469),0.03413426709251255
5956,65.16163,-147.52565,475362.19905427936,7226570.542059282,3,455.78973,454.94608436020064,0.8365131381477201,0.8436495265181065,POINT (-147.52565002441406 65.16162872314453),0.007136388370386437
5957,65.160736,-147.5259,475349.92745823064,7226471.155043959,3,434.9271,434.3573599091313,0.8615655257623422,0.5697335967280992,POINT (-147.52589416503906 65.16073608398438),-0.29183192903424304
5958,65.15984,-147.5261,475339.80079358333,7226371.750209358,3,416.04037,415.12454375585764,0.821554748410316,0.9158310000017309,POINT (-147.52609252929688 65.15984344482422),0.09427625159141495
5959,65.15895,-147.52634,475327.52774356084,7226272.363307501,3,396.75922,395.77890885489126,0.8886371538272695,0.9803074537024941,POINT (-147.52633666992188 65.15895080566406),0.09167029987522457
5960,65.15806,-147.52658,475315.2539305281,7226172.976466769,3,376.5613,375.6589923235128,0.935216674276378,0.9023174909403338,POINT (-147.52658081054688 65.1580581665039),-0.032899183336044246
5961,65.15717,-147.52682,475302.9864493707,7226074.439962781,3,357.27673,356.9338432996985,0.9538364201638111,0.3428900987390193,POINT (-147.52682495117188 65.15717315673828),-0.6109463214247918
5962,65.15628,-147.52705,475291.42644094955,7225975.047272708,3,339.25305,338.39494324193004,0.9360278527577697,0.8581085158824635,POINT (-147.5270538330078 65.15628051757812),-0.07791933687530617
5963,65.15539,-147.5273,475279.1503661957,7225875.660612321,3,321.09552,320.4436017177528,0.9150118703546554,0.6519183017784371,POINT (-147.5272979736328 65.15538787841797),-0.26309356857621824
5964,65.154495,-147.52754,475266.8735284643,7225776.274013074,3,305.48523,304.61308234312355,0.9839233454193896,0.8721471490639487,POINT (-147.5275421142578 65.15449523925781),-0.1117761963554409
5965,65.1536,-147.52776,475256.0267266605,7225676.875514986,3,290.69604,289.9341998163824,0.8787121946942676,0.7618451054926254,POINT (-147.5277557373047 65.15360260009766),-0.11686708920164224
5966,65.15271,-147.528,475243.74841105146,7225577.489032175,3,279.58783,278.95366976088616,0.8619813687097406,0.6341598289575927,POINT (-147.5279998779297 65.1527099609375),-0.22782153975214792
5967,65.15182,-147.52823,475232.18477998767,7225478.09662493,3,271.0413,270.15044134765867,0.9307887770294262,0.8908489355444544,POINT (-147.52822875976562 65.15181732177734),-0.03993984148497176
5968,65.150925,-147.52846,475220.6204340316,7225378.704273165,3,264.52386,263.6722043911345,0.8240829111380807,0.8516603549592219,POINT (-147.52845764160156 65.15092468261719),0.027577443821141134
5969,65.15003,-147.5287,475208.3398776431,7225279.31796796,3,261.1485,260.4272056648911,0.9565638031018256,0.7212928702651311,POINT (-147.52870178222656 65.15003204345703),-0.23527093283669454
5970,65.14914,-147.52895,475196.0585583314,7225179.931723914,3,257.84418,257.587208627939,0.879546386502449,0.25696861815475813,POINT (-147.52894592285156 65.14913940429688),-0.6225777683476909
5973,65.14646,-147.52965,475160.6412062113,7224881.761353363,3,340.5208,340.1150434672561,0.9676827837276011,0.4057695210251495,POINT (-147.52964782714844 65.1464614868164),-0.5619132627024516
5974,65.14557,-147.52989,475148.35688333475,7224782.375348139,3,366.76974,366.14635703717437,0.9503883203188529,0.6233878358725065,POINT (-147.52989196777344 65.14556884765625),-0.32700048444634644
5975,65.14468,-147.53012,475136.7874372604,7224682.983395797,3,394.96375,394.7835067305224,0.9009348678035533,0.18023838666510983,POINT (-147.53012084960938 65.1446762084961),-0.7206964811384434
5976,65.14378,-147.53035,475125.2172763604,7224583.591498956,3,417.7273,417.28925401993723,0.9850500713709248,0.438040901937768,POINT (-147.5303497314453 65.14378356933594),-0.5470091694331568
5977,65.14289,-147.5306,475112.93071291037,7224484.205671415,3,441.56815,441.3240307075602,0.9623545733973172,0.2441150443929132,POINT (-147.5305938720703 65.14289093017578),-0.718239529004404
5978,65.142006,-147.53082,475101.36624618515,7224385.664161884,3,461.7203,460.7063798227133,0.9710894793472362,1.013926573771073,POINT (-147.53082275390625 65.14200592041016),0.04283709442383676
5979,65.14111,-147.53105,475089.79391986,7224286.2724342,3,479.72977,478.89460657007385,0.9095684812659237,0.8351602756292777,POINT (-147.5310516357422 65.14111328125),-0.07440820563664596
5980,65.14022,-147.5313,475077.5051191508,7224186.886784249,3,497.15958,496.37746375776175,0.9747149971258096,0.7821126582538795,POINT (-147.5312957763672 65.14022064208984),-0.19260233887193
5981,65.13933,-147.53152,475065.9313392242,7224087.495170348,3,512.5004,511.37265249577695,1.0727027655016215,1.127774750316803,POINT (-147.53152465820312 65.13932800292969),0.055071984815181496
5982,65.138435,-147.53175,475054.35684452066,7223988.1036119675,3,524.8727,523.9238832843415,0.9785991330712742,0.9487973797209861,POINT (-147.53175354003906 65.13843536376953),-0.029801753350288118
5983,65.13754,-147.532,475042.06580339296,7223888.718139763,3,530.1168,529.3258938798851,0.9369186686630564,0.7909274091773568,POINT (-147.53199768066406 65.13754272460938),-0.14599125948569958
5984,65.13665,-147.53223,475030.48985513847,7223789.326695185,3,523.18,522.6221487564233,0.9303775508693386,0.5578439193579925,POINT (-147.5322265625 65.13665008544922),-0.3725336315113461
5985,65.13576,-147.53246,475018.913192133,7223689.9353061365,3,511.44485,511.02346109927765,1.0187450246053569,0.42139363705047117,POINT (-147.53245544433594 65.13575744628906),-0.5973513875548857
5986,65.134865,-147.5327,475006.61991066264,7223590.550011709,3,497.9183,497.43434656914235,1.1254536852332582,0.4839578742170261,POINT (-147.53269958496094 65.1348648071289),-0.6414958110162321
5988,65.13308,-147.53317,474982.7470111615,7223391.773561569,3,468.81055,468.2798364114868,1.1332574078138307,0.5307104635131736,POINT (-147.53317260742188 65.1330795288086),-0.602546944300657
5989,65.13219,-147.53342,474970.45146540826,7223292.388447879,3,453.22812,452.7611429159287,1.1437200747749041,0.4669759805556737,POINT (-147.53341674804688 65.13218688964844),-0.6767440942192304
5990,65.131294,-147.53365,474958.8711567032,7223192.997344787,3,439.65244,438.9803557191108,1.0622768968579481,0.6720795836235993,POINT (-147.5336456298828 65.13129425048828),-0.3901973132343488
5872,65.23816,-147.57516,473119.1611763885,7235119.893030916,5,721.1078,720.2783081378279,1.1263078314448283,0.8294799481095652,POINT (-147.57516479492188 65.2381591796875),-0.2968278833352631
5873,65.23727,-147.57541,473106.84404385224,7235020.514276543,5,721.2266,720.4009032661743,1.1007381227389053,0.8257202689819678,POINT (-147.57540893554688 65.23726654052734),-0.27501785375693744
5874,65.236374,-147.57565,473094.5261483834,7234921.135583631,5,720.27203,719.4350089773366,1.1771208001172222,0.8370247140696847,POINT (-147.57565307617188 65.23637390136719),-0.3400960860475375
5875,65.23548,-147.57587,473083.63386932376,7234821.743933588,5,718.4085,717.4082647074858,1.2326122600474203,1.0002435932954086,POINT (-147.57586669921875 65.23548126220703),-0.23236866675201173
5876,65.23459,-147.5761,473072.0277098026,7234722.358845775,5,716.0663,715.0686623850319,1.2585126460806113,0.997621794655629,POINT (-147.5760955810547 65.23458862304688),-0.26089085142498236
5877,65.2337,-147.57634,473059.7153642853,7234623.830608162,5,712.937,712.2698503420006,1.0235478358658119,0.6671613767493909,POINT (-147.5763397216797 65.23370361328125),-0.356386459116421
5878,65.23281,-147.57658,473047.39449252724,7234524.452152209,5,710.2239,709.5577457708531,1.0968347617469123,0.6661311822718972,POINT (-147.5765838623047 65.2328109741211),-0.43070357947501514
5879,65.23192,-147.57681,473035.7861434956,7234425.067237142,5,708.83923,708.078082345392,1.1830979359690124,0.7611510530455234,POINT (-147.57681274414062 65.23191833496094),-0.4219468829234889
5880,65.231026,-147.57703,473024.890389317,7234325.67585468,5,707.2541,706.5705375150376,1.1534139451815655,0.6835518404311642,POINT (-147.5770263671875 65.23102569580078),-0.46986210475040124
5881,65.23013,-147.57727,473012.56730103353,7234226.297574374,5,706.74835,705.7816702435789,1.1996085361650317,0.9666818072023489,POINT (-147.5772705078125 65.23013305664062),-0.23292672896268285
5882,65.22924,-147.57751,473000.2434498879,7234126.919355559,5,705.8112,705.0588291229296,1.1739235341364895,0.7523891387891126,POINT (-147.5775146484375 65.22924041748047),-0.4215343953473769
5883,65.22835,-147.57774,472988.63221765636,7234027.534666426,5,706.5549,705.6870376334871,1.0633736838725911,0.8678329719816702,POINT (-147.57774353027344 65.22834777832031),-0.19554071189092093
5884,65.227455,-147.57799,472976.3068648495,7233928.156567668,5,707.5999,706.7600991162606,1.0814627486877602,0.8398154345206876,POINT (-147.57798767089844 65.22745513916016),-0.24164731416707252
5885,65.22656,-147.5782,472965.4076088938,7233828.76545557,5,709.6011,708.8750346715021,0.913273462741971,0.7260395472478649,POINT (-147.5782012939453 65.2265625),-0.18723391549410606
5886,65.22567,-147.57843,472953.79423237813,7233729.380933851,5,712.5398,711.7083130085081,1.0146685249107397,0.8314819133669289,POINT (-147.57843017578125 65.22566986083984),-0.18318661154381077
5887,65.22478,-147.57866,472942.18014111754,7233629.996467944,5,715.7935,714.9710952913238,0.9403511723432475,0.8224227750824866,POINT (-147.5786590576172 65.22477722167969),-0.11792839726076088
5888,65.223885,-147.5789,472929.85183316394,7233530.61860347,5,717.4184,716.3084752261409,1.163895561789948,1.1099207699528506,POINT (-147.5789031982422 65.22388458251953),-0.05397479183709741
5889,65.22299,-147.57913,472918.23628840107,7233431.234251952,5,716.2494,715.0769447753055,1.1097970075443961,1.172444873132008,POINT (-147.57913208007812 65.22299194335938),0.06264786558761193
5890,65.2221,-147.57938,472905.9064788888,7233331.856507573,5,714.0482,712.7732270812288,1.0789860753998852,1.2749906922086893,POINT (-147.57937622070312 65.22209930419922),0.1960046168088041
5891,65.22121,-147.57962,472893.5759065912,7233232.4788247105,5,711.91864,710.7356444213821,0.9803470985445807,1.1829957153366877,POINT (-147.57962036132812 65.22120666503906),0.202648616792107
5894,65.21853,-147.58032,472858.0069054283,7232934.3330193525,5,713.73157,712.4927120926274,1.1222624936582744,1.2388552901851426,POINT (-147.580322265625 65.2185287475586),0.11659279652686827
5895,65.217636,-147.58054,472847.1006705711,7232834.942445625,5,716.318,715.0383663820859,1.0705239330001675,1.2796267819766172,POINT (-147.58053588867188 65.21763610839844),0.2091028489764497
5896,65.21674,-147.58076,472835.4800748694,7232735.558490443,5,717.8777,716.7674829869588,1.076192184897078,1.1102025599161607,POINT (-147.5807647705078 65.21674346923828),0.03401037501908277
5897,65.21586,-147.58101,472823.15287458,7232637.031439319,5,717.96954,716.7666464380337,1.0242225089940733,1.2028970189975325,POINT (-147.5810089111328 65.21585845947266),0.17867451000345924
5898,65.214966,-147.58125,472810.81708644296,7232537.654172394,5,715.15466,713.9351741406201,1.0262232421456212,1.21948894531738,POINT (-147.5812530517578 65.2149658203125),0.19326570317175884
5900,65.21318,-147.5817,472788.28459257475,7232338.88008431,5,699.27545,698.2440281450623,0.7902946202904391,1.031423515093934,POINT (-147.58169555664062 65.21318054199219),0.24112889480349486
5903,65.2105,-147.58241,472751.9821543397,7232040.742407657,5,648.93396,647.6866775005736,0.8876505910561311,1.2472824603638628,POINT (-147.58241271972656 65.21050262451172),0.3596318693077317
5904,65.20961,-147.58266,472739.64188617974,7231941.365498323,5,628.2266,627.5023262279806,0.9040907000015383,0.7242973071756751,POINT (-147.58265686035156 65.20960998535156),-0.17979339282586326
5908,65.20604,-147.58359,472692.41513434786,7231543.838669425,5,593.8888,593.3166932703857,1.0267028817312505,0.5721006749267872,POINT (-147.58358764648438 65.20603942871094),-0.4546022068044633
5909,65.20515,-147.58382,472680.78513154254,7231444.455454136,5,610.45715,609.8020456903266,0.9403264081898403,0.6551076299858778,POINT (-147.5838165283203 65.20514678955078),-0.28521877820396246
5910,65.204254,-147.58405,472669.15441418334,7231345.072294731,5,618.9083,617.8683337112299,1.0611058654809613,1.039991484082634,POINT (-147.58404541015625 65.20425415039062),-0.02111438139832722
5911,65.20336,-147.58429,472656.8089277283,7231245.695801762,5,633.7826,632.8667781587662,0.8923291111145035,0.9158146146712625,POINT (-147.58428955078125 65.20336151123047),0.023485503556758935
5913,65.20158,-147.58475,472633.5438722502,7231046.929767928,5,660.64246,659.8530197952184,0.9135041407605675,0.7894362594690847,POINT (-147.58474731445312 65.20157623291016),-0.12406788129148283
5914,65.20068,-147.58498,472621.91027272533,7230947.546834853,5,673.275,672.5499959386254,0.8784298680473916,0.7250284754370568,POINT (-147.58497619628906 65.20068359375),-0.1534013926103348
5915,65.19979,-147.5852,472610.27595868806,7230848.163957678,5,686.28534,685.5491594908962,0.8316354527198314,0.7361798645725912,POINT (-147.585205078125 65.19979095458984),-0.0954555881472402
5916,65.1989,-147.58543,472598.6409301478,7230748.781136406,5,699.4338,698.7507123696207,0.8610752585924882,0.6830644858480355,POINT (-147.58543395996094 65.19889831542969),-0.17801077274445276
5917,65.19801,-147.58568,472586.2988784777,7230650.255273098,5,710.8373,709.8278651086497,0.996595176855697,1.0094151647878107,POINT (-147.58567810058594 65.19801330566406),0.012819987932113697
5918,65.19712,-147.5859,472574.6623999476,7230550.872566281,5,720.57574,719.4955617748498,1.0617901358182842,1.0801828540564884,POINT (-147.58590698242188 65.1971206665039),0.01839271823820421
5919,65.19623,-147.58614,472563.025206937,7230451.489915376,5,729.17413,728.1395365844373,1.0121289032861283,1.0345967163439127,POINT (-147.5861358642578 65.19622802734375),0.022467813057784447
5920,65.195335,-147.58638,472550.6730288229,7230352.113956165,5,735.0839,733.8189552328571,1.1031989091125944,1.2649681069866574,POINT (-147.5863800048828 65.1953353881836),0.16176919787406296
5922,65.19355,-147.58685,472526.6807037232,7230153.355580958,5,740.6312,739.3754631589769,1.0906408286643885,1.2557624269605867,POINT (-147.58685302734375 65.19355010986328),0.1651215982961982
5924,65.191765,-147.58731,472503.399791471,7229954.590793496,5,741.5528,740.3614375645319,0.9140367831306556,1.1913578456243386,POINT (-147.58731079101562 65.19176483154297),0.27732106249368293
5925,65.19087,-147.58754,472491.7582636979,7229855.20848366,5,740.9491,739.7658346815259,1.0498779063051515,1.1832619981615835,POINT (-147.58753967285156 65.19087219238281),0.13338409185643196
5926,65.18998,-147.58778,472479.40160668595,7229755.832882481,5,740.3105,739.2056925031029,1.2384305997323943,1.1047933367408405,POINT (-147.58778381347656 65.18997955322266),-0.13363726299155387
5927,65.18909,-147.58801,472467.75862604845,7229656.450687279,5,739.69525,738.5809628222149,1.1934790830948003,1.1142886426288214,POINT (-147.5880126953125 65.1890869140625),-0.0791904404659789
5928,65.188194,-147.58826,472455.40046812984,7229557.075206449,5,738.27344,737.2857976677128,0.9821826422746219,0.9876398322871864,POINT (-147.5882568359375 65.18819427490234),0.005457190012564506
5929,65.1873,-147.58847,472444.470521566,7229457.686464704,5,736.7307,735.7717295051177,1.0846431073171323,0.9589833855072811,POINT (-147.58847045898438 65.18730163574219),-0.1256597218098512
5930,65.18641,-147.5887,472432.82539773866,7229358.304437336,5,735.3998,734.5105906849835,1.0871265609256535,0.8891895884539736,POINT (-147.5886993408203 65.18640899658203),-0.19793697247167996
5931,65.18552,-147.58894,472420.4650245682,7229258.929132644,5,734.61926,733.7533324874953,1.0546853681849229,0.8659302078172004,POINT (-147.5889434814453 65.18551635742188),-0.18875516036772244
5932,65.18462,-147.58917,472408.81844796037,7229159.547219941,5,733.80035,733.0392758667904,1.0668280644711317,0.7610781371158737,POINT (-147.58917236328125 65.18462371826172),-0.30574992735525797
5933,65.18373,-147.5894,472397.17115699075,7229060.165363201,5,733.2793,732.409911545753,1.14179912690126,0.8693853292470521,POINT (-147.5894012451172 65.18373107910156),-0.2724137976542078
5934,65.18284,-147.58965,472384.80854461435,7228960.790237618,5,732.5912,731.8521723815669,1.0517876993915474,0.739014141870598,POINT (-147.5896453857422 65.1828384399414),-0.3127735575209494
5935,65.18195,-147.58987,472373.16774651065,7228862.258768084,5,731.3467,730.515743862844,1.0414527831744218,0.8309358246559668,POINT (-147.58987426757812 65.18195343017578),-0.21051695851845498
5936,65.18106,-147.59012,472360.8036365952,7228762.883762781,5,728.148,727.2692303598384,1.1624860927188303,0.8787798940678613,POINT (-147.59011840820312 65.18106079101562),-0.283706198650969
5937,65.18017,-147.59035,472349.15344322403,7228663.502135305,5,721.5483,720.6901420120538,1.106237675729403,0.8581367965399522,POINT (-147.59034729003906 65.18016815185547),-0.24810087918945078
5938,65.179276,-147.59058,472337.50253553025,7228564.120563796,5,710.8561,709.9898980775007,1.1964093382342134,0.8661810240618024,POINT (-147.590576171875 65.17927551269531),-0.33022831417241094
5939,65.17838,-147.59082,472325.1361865397,7228464.745737653,5,696.8197,696.0863233093113,1.1338040531365605,0.7333788391262033,POINT (-147.5908203125 65.17838287353516),-0.40042521401035724
5940,65.17749,-147.59105,472313.4838262,7228365.364280865,5,678.56146,677.5642838186575,1.1377194374821138,0.9971785836862637,POINT (-147.59104919433594 65.177490234375),-0.14054085379585013
5942,65.175705,-147.59152,472289.46216357424,7228166.608233107,5,626.33417,626.0001485924122,1.0228001701010427,0.334018888056562,POINT (-147.59152221679688 65.17570495605469),-0.6887812820444807
5943,65.17481,-147.59177,472277.0928132513,7228067.233647851,5,588.3508,587.9873615928284,0.9648992706666322,0.36346848529660747,POINT (-147.59176635742188 65.17481231689453),-0.6014307853700247
5944,65.17392,-147.592,472265.43754772114,7227967.852420546,5,563.1758,562.2673893512181,0.9728957678251575,0.9083918987819288,POINT (-147.5919952392578 65.17391967773438),-0.06450386904322869
5945,65.17303,-147.59222,472253.7815679279,7227868.471249234,5,554.5422,553.4574639627475,1.1301702200814767,1.0847113302212392,POINT (-147.59222412109375 65.17302703857422),-0.045458889860237495
5946,65.172134,-147.59247,472241.40997870895,7227769.096843206,5,548.95544,548.4436822737662,0.9815053320045013,0.5117620621713286,POINT (-147.59246826171875 65.17213439941406),-0.4697432698331727
5948,65.17035,-147.59291,472218.80934305367,7227570.328071292,5,550.03015,548.9636748847296,0.8367224572420859,1.0664764824579152,POINT (-147.59291076660156 65.17034912109375),0.22975402521582922
5950,65.168564,-147.5934,472194.0609727553,7227371.57967359,5,545.99945,544.9334144303028,1.0045955231838626,1.0660362532909176,POINT (-147.59339904785156 65.16856384277344),0.061440730107054975
5951,65.16767,-147.59363,472182.4006595056,7227272.198843844,5,537.2563,536.0451073124937,1.1144835064713297,1.2111793086000944,POINT (-147.5936279296875 65.16767120361328),0.09669580212876472
5953,65.16589,-147.5941,472158.37082852406,7227074.294351711,5,517.1754,516.0618561192208,1.047366735534818,1.1135589198416938,POINT (-147.59410095214844 65.1658935546875),0.06619218430687579
5955,65.16411,-147.59456,472135.0451606637,7226875.533089652,5,475.89005,475.1133563607781,0.9021824600044301,0.7766888052375407,POINT (-147.5945587158203 65.16410827636719),-0.12549365476688945
5957,65.16232,-147.59503,472111.0014768717,7226676.778791978,5,483.3391,482.2003847502773,0.8387204742910963,1.1387265778477058,POINT (-147.59503173828125 65.16232299804688),0.3000061035566095
5958,65.16143,-147.59526,472099.33611933625,7226577.398359822,5,476.3367,475.18774747525094,0.9571558485536691,1.1489529642021807,POINT (-147.5952606201172 65.16143035888672),0.19179711564851165
5959,65.16054,-147.59549,472087.6700476541,7226478.017983706,5,463.45493,462.63564618978796,0.9451107112187945,0.8192793473214124,POINT (-147.59548950195312 65.16053771972656),-0.12583136389738214
5960,65.159645,-147.59573,472075.28803051787,7226378.644412391,5,445.5725,445.1978051249861,0.9349369308809173,0.3747046406389245,POINT (-147.59573364257812 65.1596450805664),-0.5602322902419928
5961,65.15875,-147.59598,472062.90525120473,7226279.270902834,5,423.84647,423.0895451591673,0.8954005882977418,0.7569209052858241,POINT (-147.59597778320312 65.15875244140625),-0.1384796830119177
5962,65.15786,-147.59622,472050.5217097223,7226179.897455039,5,401.4871,400.3286360283693,0.876829389478785,1.158455036083808,POINT (-147.59622192382812 65.1578598022461),0.281625646605023
5963,65.15697,-147.59645,472038.85270946636,7226080.5173114175,5,379.32495,379.14316252498963,0.8442527473144961,0.18178864688536578,POINT (-147.59645080566406 65.15696716308594),-0.6624641004291303
5964,65.156075,-147.59668,472027.1829951044,7225981.137223851,5,356.51825,355.6275514266969,0.9789603350041101,0.8906980850218247,POINT (-147.5966796875 65.15607452392578),-0.08826224998228538
5965,65.15518,-147.59692,472014.7972152159,7225881.763955477,5,329.13736,328.03974422055836,1.0512777582470658,1.0976153985822634,POINT (-147.596923828125 65.15518188476562),0.046337640335197605
5966,65.15429,-147.59715,472003.1260486461,7225782.383982795,5,326.12802,325.6056442386311,0.8996816785173611,0.5223770016032745,POINT (-147.59715270996094 65.15428924560547),-0.37730467691408665
5968,65.152504,-147.59761,471979.78157327644,7225583.624205625,5,377.56622,377.37586474223207,0.9151782374252501,0.19035840229918222,POINT (-147.5976104736328 65.15250396728516),-0.7248198351260678
5972,65.14893,-147.59853,471933.0840538428,7225186.105324138,5,470.35416,470.16732890272436,1.0284497973583322,0.18682759141626093,POINT (-147.59852600097656 65.14893341064453),-0.8416222059420713
5974,65.147156,-147.59898,471909.7390759072,7224988.196487551,5,512.5497,511.83787332459565,1.0054654893953399,0.7118092925918518,POINT (-147.59898376464844 65.14715576171875),-0.2936561968034881
5975,65.14626,-147.59921,471898.0614859409,7224888.817019423,5,523.3411,522.8445876426797,0.8372528462135193,0.49653784560155145,POINT (-147.59921264648438 65.1462631225586),-0.3407150006119678
5978,65.14376,-147.59987,471864.6415457689,7224610.221498989,5,497.71957,497.3008112015124,0.8409974110619021,0.4187627730970007,POINT (-147.59986877441406 65.14376068115234),-0.42223463796490135
5979,65.14269,-147.60014,471850.62829856935,7224491.306509972,5,477.6016,477.35607398436065,0.976173598400955,0.2455190332174766,POINT (-147.6001434326172 65.14269256591797),-0.7306545651834784
5980,65.1418,-147.60039,471838.2314030878,7224391.934130172,5,463.97702,463.78252180247705,0.8670320429583892,0.19449846119482572,POINT (-147.6003875732422 65.14179992675781),-0.6725335817635635
5981,65.14091,-147.60062,471826.54948117107,7224292.555004181,5,450.33066,449.977675074972,0.9313560011929795,0.3529828840123628,POINT (-147.60061645507812 65.14090728759766),-0.5783731171806167
5982,65.140015,-147.60085,471814.86684530013,7224193.175934301,5,435.1467,434.62261342406947,0.9500574468023663,0.5240845739774045,POINT (-147.60084533691406 65.1400146484375),-0.42597287282496177
5985,65.13734,-147.60155,471779.0988223861,7223895.045880459,5,487.70593,487.27596074355006,1.0800873651705585,0.4299718736374416,POINT (-147.60154724121094 65.13733673095703),-0.6501154915331169
5987,65.13555,-147.602,471755.7270772122,7223696.288251304,5,536.63824,536.3807805296071,1.0664968379808937,0.2574640992991135,POINT (-147.6020050048828 65.13555145263672),-0.8090327386817802
5988,65.13466,-147.60223,471744.0401337622,7223596.909520921,5,559.2194,558.8820823630493,1.1111972704533346,0.33733902366941493,POINT (-147.60223388671875 65.13465881347656),-0.7738582467839197
5989,65.133766,-147.60246,471732.3524764147,7223497.530846665,5,579.3822,579.0949256962421,1.2017023067322825,0.2872764521954423,POINT (-147.6024627685547 65.1337661743164),-0.9144258545368402
